,Region,Type,Sold Date,Sold
0,"San Jose, CA",Single Family Residential,2021-09,1475000.0
1,"San Jose, CA",Condo/Co-op,2021-09,1350000.0
2,"San Jose, CA",Condo/Co-op,2021-09,1260000.0
3,"San Jose, CA",Single Family Residential,2021-09,1500000.0
4,"San Jose, CA",Condo/Co-op,2021-09,705000.0
5,"San Jose, CA",Condo/Co-op,2021-09,600000.0
6,"San Jose, CA",Condo/Co-op,2021-09,963000.0
7,"San Jose, CA",Single Family Residential,2021-09,1400000.0
8,"San Jose, CA",Single Family Residential,2021-09,1525000.0
9,"San Jose, CA",Condo/Co-op,2021-09,505000.0
10,"San Jose, CA",Single Family Residential,2021-09,2200000.0
11,"San Jose, CA",Single Family Residential,2021-09,782000.0
12,"San Jose, CA",Condo/Co-op,2021-09,569000.0
13,"San Jose, CA",Single Family Residential,2021-09,1370000.0
14,"San Jose, CA",Single Family Residential,2021-09,1201023.0
15,"San Jose, CA",Single Family Residential,2021-09,1460000.0
16,"San Jose, CA",Single Family Residential,2021-09,1485000.0
17,"San Jose, CA",Condo/Co-op,2021-09,529000.0
18,"San Jose, CA",Single Family Residential,2021-09,1555000.0
19,"San Jose, CA",Single Family Residential,2021-09,1383000.0
20,"San Jose, CA",Single Family Residential,2021-09,2100000.0
21,"San Jose, CA",Single Family Residential,2021-09,1400000.0
22,"San Jose, CA",Multi-Family (2-4 Unit),2021-09,1930000.0
23,"San Jose, CA",Single Family Residential,2021-09,1975000.0
24,"San Jose, CA",Single Family Residential,2021-09,2650000.0
25,"San Jose, CA",Single Family Residential,2021-09,1513999.0
26,"San Jose, CA",Condo/Co-op,2021-09,966000.0
27,"San Jose, CA",Single Family Residential,2021-09,1555000.0
28,"San Jose, CA",Single Family Residential,2021-09,1450000.0
29,"San Jose, CA",Single Family Residential,2021-09,1525000.0
30,"San Jose, CA",Single Family Residential,2021-09,1732500.0
31,"San Jose, CA",Single Family Residential,2021-09,2170000.0
32,"San Jose, CA",Single Family Residential,2021-09,1470000.0
33,"San Jose, CA",Single Family Residential,2021-09,1500000.0
34,"San Jose, CA",Single Family Residential,2021-09,1428375.0
35,"San Jose, CA",Single Family Residential,2021-09,1727000.0
36,"San Jose, CA",Single Family Residential,2021-09,2888000.0
37,"San Jose, CA",Single Family Residential,2021-09,1750000.0
38,"San Jose, CA",Single Family Residential,2021-09,1995000.0
39,"San Jose, CA",Single Family Residential,2021-09,964000.0
40,"San Jose, CA",Condo/Co-op,2021-09,720000.0
41,"San Jose, CA",Condo/Co-op,2021-09,1425000.0
42,"San Jose, CA",Single Family Residential,2021-09,1260000.0
43,"San Jose, CA",Condo/Co-op,2021-09,940000.0
44,"San Jose, CA",Single Family Residential,2021-09,1275000.0
45,"San Jose, CA",Condo/Co-op,2021-09,995000.0
46,"San Jose, CA",Single Family Residential,2021-09,1179000.0
47,"San Jose, CA",Single Family Residential,2021-09,2760000.0
48,"San Jose, CA",Single Family Residential,2021-09,882000.0
49,"San Jose, CA",Condo/Co-op,2021-09,952500.0
50,"San Jose, CA",Single Family Residential,2021-09,1180000.0
51,"San Jose, CA",Condo/Co-op,2021-09,470000.0
52,"San Jose, CA",Multi-Family (2-4 Unit),2021-09,1950000.0
53,"San Jose, CA",Single Family Residential,2021-09,1525000.0
54,"San Jose, CA",Single Family Residential,2021-09,1880000.0
55,"San Jose, CA",Single Family Residential,2021-09,1525000.0
56,"San Jose, CA",Single Family Residential,2021-09,2440000.0
57,"San Jose, CA",Single Family Residential,2021-09,1870000.0
58,"San Jose, CA",Condo/Co-op,2021-09,1009530.0
59,"San Jose, CA",Condo/Co-op,2021-09,670000.0
60,"San Jose, CA",Single Family Residential,2021-09,1250000.0
61,"San Jose, CA",Single Family Residential,2021-09,1615000.0
62,"San Jose, CA",Condo/Co-op,2021-09,1150000.0
63,"San Jose, CA",Condo/Co-op,2021-09,1000000.0
64,"San Jose, CA",Single Family Residential,2021-09,1690000.0
65,"San Jose, CA",Single Family Residential,2021-09,1305000.0
66,"San Jose, CA",Single Family Residential,2021-09,1350000.0
67,"San Jose, CA",Single Family Residential,2021-09,1270000.0
68,"San Jose, CA",Condo/Co-op,2021-09,522000.0
69,"San Jose, CA",Single Family Residential,2021-09,1327800.0
70,"San Jose, CA",Single Family Residential,2021-09,1790000.0
71,"San Jose, CA",Single Family Residential,2021-09,1275000.0
72,"San Jose, CA",Multi-Family (2-4 Unit),2021-09,2240000.0
73,"San Jose, CA",Single Family Residential,2021-09,1125000.0
74,"San Jose, CA",Condo/Co-op,2021-09,685000.0
75,"San Jose, CA",Single Family Residential,2021-09,1435000.0
76,"San Jose, CA",Single Family Residential,2021-09,1220000.0
77,"San Jose, CA",Single Family Residential,2021-09,2360370.0
78,"San Jose, CA",Single Family Residential,2021-09,1745000.0
79,"San Jose, CA",Single Family Residential,2021-09,1675000.0
80,"San Jose, CA",Single Family Residential,2021-09,1000000.0
81,"San Jose, CA",Single Family Residential,2021-09,1650000.0
82,"San Jose, CA",Single Family Residential,2021-09,1370000.0
83,"San Jose, CA",Single Family Residential,2021-09,1700000.0
84,"San Jose, CA",Single Family Residential,2021-09,1900000.0
85,"San Jose, CA",Single Family Residential,2021-09,925000.0
86,"San Jose, CA",Single Family Residential,2021-09,1450000.0
87,"San Jose, CA",Multi-Family (5+ Unit),2021-09,2400000.0
88,"San Jose, CA",Single Family Residential,2021-09,1700000.0
89,"San Jose, CA",Condo/Co-op,2021-09,870000.0
90,"San Jose, CA",Condo/Co-op,2021-09,462000.0
91,"San Jose, CA",Single Family Residential,2021-09,1090000.0
92,"San Jose, CA",Condo/Co-op,2021-09,1050000.0
93,"San Jose, CA",Single Family Residential,2021-09,1460000.0
94,"San Jose, CA",Townhouse,2021-09,970000.0
95,"San Jose, CA",Condo/Co-op,2021-09,929000.0
96,"San Jose, CA",Condo/Co-op,2021-09,765000.0
97,"San Jose, CA",Single Family Residential,2021-09,2138000.0
98,"San Jose, CA",Condo/Co-op,2021-09,792400.0
99,"San Jose, CA",Single Family Residential,2021-09,1991000.0
100,"San Jose, CA",Single Family Residential,2021-09,1710000.0
101,"San Jose, CA",Condo/Co-op,2021-09,640000.0
102,"San Jose, CA",Single Family Residential,2021-09,1065000.0
103,"San Jose, CA",Condo/Co-op,2021-09,599888.0
104,"San Jose, CA",Single Family Residential,2021-09,1220000.0
105,"San Jose, CA",Multi-Family (2-4 Unit),2021-09,1900000.0
106,"San Jose, CA",Condo/Co-op,2021-09,640000.0
107,"San Jose, CA",Single Family Residential,2021-09,1380000.0
108,"San Jose, CA",Condo/Co-op,2021-09,775000.0
109,"San Jose, CA",Single Family Residential,2021-09,1360000.0
110,"San Jose, CA",Condo/Co-op,2021-09,590000.0
111,"San Jose, CA",Single Family Residential,2021-09,1630000.0
112,"San Jose, CA",Single Family Residential,2021-09,2100000.0
113,"San Jose, CA",Single Family Residential,2021-09,1086250.0
114,"San Jose, CA",Condo/Co-op,2021-09,1480000.0
115,"San Jose, CA",Condo/Co-op,2021-09,589950.0
116,"San Jose, CA",Condo/Co-op,2021-09,965000.0
117,"San Jose, CA",Condo/Co-op,2021-09,496888.0
118,"San Jose, CA",Condo/Co-op,2021-09,508000.0
119,"San Jose, CA",Condo/Co-op,2021-09,750000.0
120,"San Jose, CA",Single Family Residential,2021-09,2800000.0
121,"San Jose, CA",Single Family Residential,2021-09,1303000.0
122,"San Jose, CA",Condo/Co-op,2021-09,495000.0
123,"San Jose, CA",Condo/Co-op,2021-09,480000.0
124,"San Jose, CA",Single Family Residential,2021-09,1930000.0
125,"San Jose, CA",Single Family Residential,2021-09,1470000.0
126,"San Jose, CA",Single Family Residential,2021-09,1900000.0
127,"San Jose, CA",Single Family Residential,2021-09,2215000.0
128,"San Jose, CA",Single Family Residential,2021-09,1210000.0
129,"San Jose, CA",Condo/Co-op,2021-08,760000.0
130,"San Jose, CA",Single Family Residential,2021-08,1975000.0
131,"San Jose, CA",Single Family Residential,2021-08,1518000.0
132,"San Jose, CA",Single Family Residential,2021-08,1600000.0
133,"San Jose, CA",Condo/Co-op,2021-08,930000.0
134,"San Jose, CA",Single Family Residential,2021-08,1920000.0
135,"San Jose, CA",Single Family Residential,2021-08,1275000.0
136,"San Jose, CA",Single Family Residential,2021-08,1530000.0
137,"San Jose, CA",Single Family Residential,2021-08,988000.0
138,"San Jose, CA",Single Family Residential,2021-08,2150000.0
139,"San Jose, CA",Single Family Residential,2021-08,1960000.0
140,"San Jose, CA",Single Family Residential,2021-08,1760000.0
141,"San Jose, CA",Single Family Residential,2021-08,1380000.0
142,"San Jose, CA",Condo/Co-op,2021-08,942000.0
143,"San Jose, CA",Single Family Residential,2021-08,1600000.0
144,"San Jose, CA",Condo/Co-op,2021-08,650000.0
145,"San Jose, CA",Single Family Residential,2021-08,1200000.0
146,"San Jose, CA",Condo/Co-op,2021-08,735000.0
147,"San Jose, CA",Condo/Co-op,2021-08,655000.0
148,"San Jose, CA",Single Family Residential,2021-08,2152000.0
149,"San Jose, CA",Condo/Co-op,2021-08,1200000.0
150,"San Jose, CA",Condo/Co-op,2021-08,820000.0
151,"San Jose, CA",Single Family Residential,2021-08,1670000.0
152,"San Jose, CA",Single Family Residential,2021-08,1670000.0
153,"San Jose, CA",Condo/Co-op,2021-08,799000.0
154,"San Jose, CA",Single Family Residential,2021-08,1300000.0
155,"San Jose, CA",Single Family Residential,2021-08,1600000.0
156,"San Jose, CA",Single Family Residential,2021-08,1650000.0
157,"San Jose, CA",Condo/Co-op,2021-08,940000.0
158,"San Jose, CA",Condo/Co-op,2021-08,811000.0
159,"San Jose, CA",Single Family Residential,2021-08,1375000.0
160,"San Jose, CA",Condo/Co-op,2021-08,985000.0
161,"San Jose, CA",Condo/Co-op,2021-08,780000.0
162,"San Jose, CA",Single Family Residential,2021-08,1750000.0
163,"San Jose, CA",Townhouse,2021-08,1100000.0
164,"San Jose, CA",Single Family Residential,2021-08,1300000.0
165,"San Jose, CA",Condo/Co-op,2021-08,950000.0
166,"San Jose, CA",Single Family Residential,2021-08,1730000.0
167,"San Jose, CA",Single Family Residential,2021-08,1142000.0
168,"San Jose, CA",Single Family Residential,2021-08,1270000.0
169,"San Jose, CA",Single Family Residential,2021-08,2050000.0
170,"San Jose, CA",Single Family Residential,2021-08,1550000.0
171,"San Jose, CA",Single Family Residential,2021-08,1041999.0
172,"San Jose, CA",Single Family Residential,2021-08,1400000.0
173,"San Jose, CA",Single Family Residential,2021-08,1555000.0
174,"San Jose, CA",Condo/Co-op,2021-08,770000.0
175,"San Jose, CA",Condo/Co-op,2021-08,1225000.0
176,"San Jose, CA",Condo/Co-op,2021-08,750000.0
177,"San Jose, CA",Single Family Residential,2021-08,1270000.0
178,"San Jose, CA",Condo/Co-op,2021-08,635000.0
179,"San Jose, CA",Condo/Co-op,2021-08,945000.0
180,"San Jose, CA",Condo/Co-op,2021-08,745000.0
181,"San Jose, CA",Single Family Residential,2021-08,890000.0
182,"San Jose, CA",Single Family Residential,2021-08,1650000.0
183,"San Jose, CA",Single Family Residential,2021-08,1960000.0
184,"San Jose, CA",Single Family Residential,2021-08,1375000.0
185,"San Jose, CA",Single Family Residential,2021-08,1815000.0
186,"San Jose, CA",Single Family Residential,2021-08,1005000.0
187,"San Jose, CA",Single Family Residential,2021-08,925000.0
188,"San Jose, CA",Single Family Residential,2021-08,909999.0
189,"San Jose, CA",Condo/Co-op,2021-08,1650000.0
190,"San Jose, CA",Condo/Co-op,2021-08,590000.0
191,"San Jose, CA",Single Family Residential,2021-08,1325000.0
192,"San Jose, CA",Single Family Residential,2021-08,1021000.0
193,"San Jose, CA",Single Family Residential,2021-08,1650000.0
194,"San Jose, CA",Single Family Residential,2021-08,1400000.0
195,"San Jose, CA",Condo/Co-op,2021-08,692000.0
196,"San Jose, CA",Single Family Residential,2021-08,1498000.0
197,"San Jose, CA",Single Family Residential,2021-08,1210000.0
198,"San Jose, CA",Single Family Residential,2021-08,1005000.0
199,"San Jose, CA",Multi-Family (2-4 Unit),2021-08,1898000.0
200,"San Jose, CA",Condo/Co-op,2021-08,675000.0
201,"San Jose, CA",Single Family Residential,2021-08,975000.0
202,"San Jose, CA",Single Family Residential,2021-08,1500000.0
203,"San Jose, CA",Single Family Residential,2021-08,1575000.0
204,"San Jose, CA",Single Family Residential,2021-08,3195000.0
205,"San Jose, CA",Single Family Residential,2021-08,1725750.0
206,"San Jose, CA",Single Family Residential,2021-08,1300000.0
207,"San Jose, CA",Single Family Residential,2021-08,1670000.0
208,"San Jose, CA",Single Family Residential,2021-08,2350000.0
209,"San Jose, CA",Single Family Residential,2021-08,1866600.0
210,"San Jose, CA",Single Family Residential,2021-08,1250000.0
211,"San Jose, CA",Single Family Residential,2021-08,1280000.0
212,"San Jose, CA",Condo/Co-op,2021-08,1450000.0
213,"San Jose, CA",Condo/Co-op,2021-08,488000.0
214,"San Jose, CA",Single Family Residential,2021-08,1637000.0
215,"San Jose, CA",Single Family Residential,2021-08,1395000.0
216,"San Jose, CA",Condo/Co-op,2021-08,1520000.0
217,"San Jose, CA",Single Family Residential,2021-08,1461000.0
218,"San Jose, CA",Single Family Residential,2021-08,1505000.0
219,"San Jose, CA",Condo/Co-op,2021-07,600000.0
220,"San Jose, CA",Single Family Residential,2021-07,1700000.0
221,"San Jose, CA",Single Family Residential,2021-07,1999999.0
222,"San Jose, CA",Single Family Residential,2021-07,1525000.0
223,"San Jose, CA",Condo/Co-op,2021-07,860000.0
224,"San Jose, CA",Condo/Co-op,2021-07,968000.0
225,"San Jose, CA",Single Family Residential,2021-07,1500000.0
226,"San Jose, CA",Single Family Residential,2021-07,1530000.0
227,"San Jose, CA",Single Family Residential,2021-07,1300000.0
228,"San Jose, CA",Condo/Co-op,2021-07,1050000.0
229,"San Jose, CA",Condo/Co-op,2021-07,965000.0
230,"San Jose, CA",Single Family Residential,2021-07,1240000.0
231,"San Jose, CA",Multi-Family (2-4 Unit),2021-07,950250.0
232,"San Jose, CA",Single Family Residential,2021-07,1775000.0
233,"San Jose, CA",Single Family Residential,2021-07,1240000.0
234,"San Jose, CA",Single Family Residential,2021-07,1725003.0
235,"San Jose, CA",Single Family Residential,2021-07,1600000.0
236,"San Jose, CA",Single Family Residential,2021-07,1200000.0
237,"San Jose, CA",Single Family Residential,2021-07,1805000.0
238,"San Jose, CA",Condo/Co-op,2021-07,1050000.0
239,"San Jose, CA",Condo/Co-op,2021-07,1420000.0
240,"San Jose, CA",Single Family Residential,2021-07,968888.0
241,"San Jose, CA",Single Family Residential,2021-07,1277950.0
242,"San Jose, CA",Single Family Residential,2021-07,1425000.0
243,"San Jose, CA",Condo/Co-op,2021-07,460000.0
244,"San Jose, CA",Condo/Co-op,2021-07,840000.0
245,"San Jose, CA",Single Family Residential,2021-07,2650000.0
246,"San Jose, CA",Single Family Residential,2021-07,3122000.0
247,"San Jose, CA",Single Family Residential,2021-07,1340000.0
248,"San Jose, CA",Single Family Residential,2021-07,1803000.0
249,"San Jose, CA",Single Family Residential,2021-07,1230000.0
250,"San Jose, CA",Single Family Residential,2021-07,1501000.0
251,"San Jose, CA",Single Family Residential,2021-07,1140000.0
252,"San Jose, CA",Single Family Residential,2021-07,2310000.0
253,"San Jose, CA",Single Family Residential,2021-07,1670000.0
254,"San Jose, CA",Single Family Residential,2021-07,1875000.0
255,"San Jose, CA",Condo/Co-op,2021-07,593000.0
256,"San Jose, CA",Condo/Co-op,2021-07,1090000.0
257,"San Jose, CA",Single Family Residential,2021-07,1200000.0
258,"San Jose, CA",Condo/Co-op,2021-07,1150000.0
259,"San Jose, CA",Condo/Co-op,2021-07,780000.0
260,"San Jose, CA",Single Family Residential,2021-07,1538822.0
261,"San Jose, CA",Single Family Residential,2021-07,1980000.0
262,"San Jose, CA",Single Family Residential,2021-07,1999500.0
263,"San Jose, CA",Condo/Co-op,2021-07,673000.0
264,"San Jose, CA",Condo/Co-op,2021-07,740000.0
265,"San Jose, CA",Single Family Residential,2021-07,3232000.0
266,"San Jose, CA",Single Family Residential,2021-07,1720000.0
267,"San Jose, CA",Condo/Co-op,2021-07,630000.0
268,"San Jose, CA",Condo/Co-op,2021-07,993000.0
269,"San Jose, CA",Condo/Co-op,2021-07,1200000.0
270,"San Jose, CA",Condo/Co-op,2021-07,540000.0
271,"San Jose, CA",Single Family Residential,2021-07,1575000.0
272,"San Jose, CA",Single Family Residential,2021-07,1415000.0
273,"San Jose, CA",Multi-Family (2-4 Unit),2021-07,2100000.0
274,"San Jose, CA",Single Family Residential,2021-07,1005000.0
275,"San Jose, CA",Single Family Residential,2021-07,1130000.0
276,"San Jose, CA",Single Family Residential,2021-07,1450000.0
277,"San Jose, CA",Single Family Residential,2021-07,1300000.0
278,"San Jose, CA",Single Family Residential,2021-07,1450000.0
279,"San Jose, CA",Single Family Residential,2021-07,2195000.0
280,"San Jose, CA",Single Family Residential,2021-07,2831000.0
281,"San Jose, CA",Condo/Co-op,2021-07,485000.0
282,"San Jose, CA",Single Family Residential,2021-07,1580000.0
283,"San Jose, CA",Single Family Residential,2021-07,1250000.0
284,"San Jose, CA",Condo/Co-op,2021-07,448000.0
285,"San Jose, CA",Single Family Residential,2021-07,1360000.0
286,"San Jose, CA",Single Family Residential,2021-07,2100000.0
287,"San Jose, CA",Single Family Residential,2021-07,3250000.0
288,"San Jose, CA",Single Family Residential,2021-07,2200000.0
289,"San Jose, CA",Single Family Residential,2021-07,2359000.0
290,"San Jose, CA",Condo/Co-op,2021-07,690000.0
291,"San Jose, CA",Single Family Residential,2021-07,1110000.0
292,"San Jose, CA",Single Family Residential,2021-07,1652000.0
293,"San Jose, CA",Condo/Co-op,2021-07,465000.0
294,"San Jose, CA",Single Family Residential,2021-07,940000.0
295,"San Jose, CA",Single Family Residential,2021-07,1020000.0
296,"San Jose, CA",Single Family Residential,2021-07,1100000.0
297,"San Jose, CA",Single Family Residential,2021-07,1615000.0
298,"San Jose, CA",Single Family Residential,2021-07,1875000.0
299,"San Jose, CA",Single Family Residential,2021-07,1200000.0
300,"San Jose, CA",Condo/Co-op,2021-07,1015000.0
301,"San Jose, CA",Condo/Co-op,2021-07,1190000.0
302,"San Jose, CA",Multi-Family (2-4 Unit),2021-07,1750000.0
303,"San Jose, CA",Condo/Co-op,2021-07,925000.0
304,"San Jose, CA",Condo/Co-op,2021-07,1020000.0
305,"San Jose, CA",Condo/Co-op,2021-07,549000.0
306,"San Jose, CA",Single Family Residential,2021-07,850000.0
307,"San Jose, CA",Single Family Residential,2021-07,1002000.0
308,"San Jose, CA",Single Family Residential,2021-09,3371122.0
309,"San Jose, CA",Single Family Residential,2021-08,900000.0
310,"San Jose, CA",Townhouse,2021-08,1239935.0
311,"San Jose, CA",Single Family Residential,2021-08,869902.0
312,"San Jose, CA",Condo/Co-op,2021-07,828770.0
313,"San Jose, CA",Condo/Co-op,2021-08,1060598.0
314,"San Jose, CA",Single Family Residential,2021-07,2413015.0
315,"San Jose, CA",Single Family Residential,2021-09,1457701.0
316,"San Jose, CA",Single Family Residential,2021-07,1436833.0
317,"San Jose, CA",Single Family Residential,2021-09,1515673.0
318,"San Jose, CA",Single Family Residential,2021-09,1405154.0
319,"San Jose, CA",Condo/Co-op,2021-08,500764.0
320,"San Jose, CA",Single Family Residential,2021-08,1488870.0
321,"San Jose, CA",Single Family Residential,2021-08,1399433.0
322,"San Jose, CA",Single Family Residential,2021-08,1412912.0
323,"San Jose, CA",Single Family Residential,2021-08,2506412.0
324,"San Jose, CA",Single Family Residential,2021-08,2387170.0
325,"San Jose, CA",Single Family Residential,2021-09,1945291.0
326,"San Jose, CA",Single Family Residential,2021-08,1413560.0
327,"San Jose, CA",Condo/Co-op,2021-08,1075947.0
328,"San Jose, CA",Single Family Residential,2021-07,1610456.0
329,"San Jose, CA",Multi-Family (2-4 Unit),2021-07,1487328.0
330,"San Jose, CA",Single Family Residential,2021-07,1720156.0
331,"San Jose, CA",Condo/Co-op,2021-09,819652.0
332,"San Jose, CA",Multi-Family (2-4 Unit),2021-07,1833524.0
333,"San Jose, CA",Multi-Family (2-4 Unit),2021-09,1348604.0
334,"San Jose, CA",Multi-Family (2-4 Unit),2021-08,1667370.0
335,"San Jose, CA",Condo/Co-op,2021-07,963115.0
336,"San Jose, CA",Condo/Co-op,2021-09,510833.0
0,"Los Angeles, CA",Single Family Residential,2021-09,769000.0
1,"Los Angeles, CA",Condo/Co-op,2021-09,552000.0
2,"Los Angeles, CA",Single Family Residential,2021-09,925000.0
3,"Los Angeles, CA",Condo/Co-op,2021-09,605000.0
4,"Los Angeles, CA",Condo/Co-op,2021-09,989000.0
5,"Los Angeles, CA",Condo/Co-op,2021-09,1065000.0
6,"Los Angeles, CA",Condo/Co-op,2021-09,1160000.0
7,"Los Angeles, CA",Single Family Residential,2021-09,780000.0
8,"Los Angeles, CA",Single Family Residential,2021-09,820000.0
9,"Los Angeles, CA",Single Family Residential,2021-09,875000.0
10,"Los Angeles, CA",Condo/Co-op,2021-09,910000.0
11,"Los Angeles, CA",Single Family Residential,2021-09,1100000.0
12,"Los Angeles, CA",Condo/Co-op,2021-09,485000.0
13,"Los Angeles, CA",Single Family Residential,2021-09,605000.0
14,"Los Angeles, CA",Condo/Co-op,2021-09,750000.0
15,"Los Angeles, CA",Condo/Co-op,2021-09,380000.0
16,"Los Angeles, CA",Single Family Residential,2021-09,1130000.0
17,"Los Angeles, CA",Condo/Co-op,2021-09,567000.0
18,"Los Angeles, CA",Single Family Residential,2021-09,1325000.0
19,"Los Angeles, CA",Condo/Co-op,2021-09,675000.0
20,"Los Angeles, CA",Single Family Residential,2021-09,840000.0
21,"Los Angeles, CA",Townhouse,2021-09,570000.0
22,"Los Angeles, CA",Single Family Residential,2021-09,740000.0
23,"Los Angeles, CA",Condo/Co-op,2021-09,610000.0
24,"Los Angeles, CA",Single Family Residential,2021-09,1110000.0
25,"Los Angeles, CA",Condo/Co-op,2021-09,650000.0
26,"Los Angeles, CA",Condo/Co-op,2021-09,450000.0
27,"Los Angeles, CA",Single Family Residential,2021-09,1655000.0
28,"Los Angeles, CA",Multi-Family (2-4 Unit),2021-09,1240000.0
29,"Los Angeles, CA",Condo/Co-op,2021-09,910000.0
30,"Los Angeles, CA",Condo/Co-op,2021-09,1100000.0
31,"Los Angeles, CA",Condo/Co-op,2021-09,648200.0
32,"Los Angeles, CA",Single Family Residential,2021-09,760000.0
33,"Los Angeles, CA",Single Family Residential,2021-09,810000.0
34,"Los Angeles, CA",Condo/Co-op,2021-09,630000.0
35,"Los Angeles, CA",Condo/Co-op,2021-09,500000.0
36,"Los Angeles, CA",Single Family Residential,2021-09,2550000.0
37,"Los Angeles, CA",Condo/Co-op,2021-09,660000.0
38,"Los Angeles, CA",Condo/Co-op,2021-09,975000.0
39,"Los Angeles, CA",Condo/Co-op,2021-09,998000.0
40,"Los Angeles, CA",Single Family Residential,2021-09,960000.0
41,"Los Angeles, CA",Condo/Co-op,2021-09,660000.0
42,"Los Angeles, CA",Condo/Co-op,2021-09,745000.0
43,"Los Angeles, CA",Single Family Residential,2021-09,713000.0
44,"Los Angeles, CA",Single Family Residential,2021-09,2850000.0
45,"Los Angeles, CA",Single Family Residential,2021-09,1931000.0
46,"Los Angeles, CA",Single Family Residential,2021-09,2299000.0
47,"Los Angeles, CA",Single Family Residential,2021-09,1160000.0
48,"Los Angeles, CA",Single Family Residential,2021-09,868000.0
49,"Los Angeles, CA",Single Family Residential,2021-09,1125000.0
50,"Los Angeles, CA",Single Family Residential,2021-09,450000.0
51,"Los Angeles, CA",Condo/Co-op,2021-09,715000.0
52,"Los Angeles, CA",Single Family Residential,2021-09,513000.0
53,"Los Angeles, CA",Single Family Residential,2021-09,905000.0
54,"Los Angeles, CA",Single Family Residential,2021-09,1375000.0
55,"Los Angeles, CA",Single Family Residential,2021-09,715000.0
56,"Los Angeles, CA",Condo/Co-op,2021-09,735000.0
57,"Los Angeles, CA",Multi-Family (2-4 Unit),2021-09,690000.0
58,"Los Angeles, CA",Single Family Residential,2021-09,780000.0
59,"Los Angeles, CA",Single Family Residential,2021-09,660000.0
60,"Los Angeles, CA",Single Family Residential,2021-09,540000.0
61,"Los Angeles, CA",Single Family Residential,2021-09,1190000.0
62,"Los Angeles, CA",Condo/Co-op,2021-09,565000.0
63,"Los Angeles, CA",Condo/Co-op,2021-09,597000.0
64,"Los Angeles, CA",Single Family Residential,2021-09,910000.0
65,"Los Angeles, CA",Single Family Residential,2021-09,1260000.0
66,"Los Angeles, CA",Single Family Residential,2021-09,1650000.0
67,"Los Angeles, CA",Single Family Residential,2021-09,860000.0
68,"Los Angeles, CA",Condo/Co-op,2021-09,1860000.0
69,"Los Angeles, CA",Condo/Co-op,2021-09,679000.0
70,"Los Angeles, CA",Single Family Residential,2021-09,2300000.0
71,"Los Angeles, CA",Single Family Residential,2021-09,750000.0
72,"Los Angeles, CA",Single Family Residential,2021-09,1100000.0
73,"Los Angeles, CA",Single Family Residential,2021-09,1190000.0
74,"Los Angeles, CA",Condo/Co-op,2021-09,450000.0
75,"Los Angeles, CA",Multi-Family (2-4 Unit),2021-08,1220000.0
76,"Los Angeles, CA",Condo/Co-op,2021-08,740000.0
77,"Los Angeles, CA",Single Family Residential,2021-08,1995000.0
78,"Los Angeles, CA",Single Family Residential,2021-08,1340000.0
79,"Los Angeles, CA",Single Family Residential,2021-08,750000.0
80,"Los Angeles, CA",Single Family Residential,2021-08,780000.0
81,"Los Angeles, CA",Condo/Co-op,2021-08,581000.0
82,"Los Angeles, CA",Single Family Residential,2021-08,610000.0
83,"Los Angeles, CA",Condo/Co-op,2021-08,563000.0
84,"Los Angeles, CA",Single Family Residential,2021-08,1385000.0
85,"Los Angeles, CA",Condo/Co-op,2021-08,1095000.0
86,"Los Angeles, CA",Condo/Co-op,2021-08,412000.0
87,"Los Angeles, CA",Single Family Residential,2021-08,1640000.0
88,"Los Angeles, CA",Single Family Residential,2021-08,1100000.0
89,"Los Angeles, CA",Single Family Residential,2021-08,780000.0
90,"Los Angeles, CA",Condo/Co-op,2021-08,420000.0
91,"Los Angeles, CA",Single Family Residential,2021-08,825000.0
92,"Los Angeles, CA",Condo/Co-op,2021-08,898000.0
93,"Los Angeles, CA",Single Family Residential,2021-08,1510000.0
94,"Los Angeles, CA",Single Family Residential,2021-08,720000.0
95,"Los Angeles, CA",Single Family Residential,2021-08,950000.0
96,"Los Angeles, CA",Single Family Residential,2021-08,910000.0
97,"Los Angeles, CA",Condo/Co-op,2021-08,475000.0
98,"Los Angeles, CA",Single Family Residential,2021-08,650000.0
99,"Los Angeles, CA",Multi-Family (2-4 Unit),2021-08,1550000.0
100,"Los Angeles, CA",Single Family Residential,2021-08,919000.0
101,"Los Angeles, CA",Condo/Co-op,2021-08,924000.0
103,"Los Angeles, CA",Single Family Residential,2021-08,2768200.0
104,"Los Angeles, CA",Condo/Co-op,2021-08,600000.0
105,"Los Angeles, CA",Condo/Co-op,2021-08,790000.0
106,"Los Angeles, CA",Condo/Co-op,2021-08,427000.0
107,"Los Angeles, CA",Single Family Residential,2021-08,1100000.0
108,"Los Angeles, CA",Condo/Co-op,2021-08,715000.0
109,"Los Angeles, CA",Single Family Residential,2021-08,1320000.0
110,"Los Angeles, CA",Single Family Residential,2021-08,1500139.0
111,"Los Angeles, CA",Single Family Residential,2021-08,950000.0
112,"Los Angeles, CA",Condo/Co-op,2021-08,817000.0
113,"Los Angeles, CA",Single Family Residential,2021-08,1251000.0
114,"Los Angeles, CA",Single Family Residential,2021-08,1865000.0
115,"Los Angeles, CA",Condo/Co-op,2021-08,720000.0
116,"Los Angeles, CA",Multi-Family (2-4 Unit),2021-08,1920000.0
117,"Los Angeles, CA",Condo/Co-op,2021-08,710000.0
118,"Los Angeles, CA",Single Family Residential,2021-08,780000.0
119,"Los Angeles, CA",Condo/Co-op,2021-08,465000.0
120,"Los Angeles, CA",Single Family Residential,2021-08,811000.0
121,"Los Angeles, CA",Single Family Residential,2021-08,2100000.0
122,"Los Angeles, CA",Condo/Co-op,2021-08,500000.0
123,"Los Angeles, CA",Condo/Co-op,2021-08,525000.0
124,"Los Angeles, CA",Single Family Residential,2021-08,905000.0
125,"Los Angeles, CA",Single Family Residential,2021-08,2070000.0
126,"Los Angeles, CA",Condo/Co-op,2021-08,555000.0
127,"Los Angeles, CA",Single Family Residential,2021-08,962000.0
128,"Los Angeles, CA",Single Family Residential,2021-08,835000.0
129,"Los Angeles, CA",Condo/Co-op,2021-08,550000.0
130,"Los Angeles, CA",Single Family Residential,2021-08,715000.0
131,"Los Angeles, CA",Single Family Residential,2021-08,705000.0
132,"Los Angeles, CA",Condo/Co-op,2021-08,722250.0
133,"Los Angeles, CA",Single Family Residential,2021-08,700000.0
134,"Los Angeles, CA",Condo/Co-op,2021-08,680000.0
135,"Los Angeles, CA",Condo/Co-op,2021-08,920000.0
136,"Los Angeles, CA",Single Family Residential,2021-08,1015000.0
137,"Los Angeles, CA",Single Family Residential,2021-08,1665000.0
138,"Los Angeles, CA",Single Family Residential,2021-08,735000.0
139,"Los Angeles, CA",Single Family Residential,2021-08,2599000.0
140,"Los Angeles, CA",Condo/Co-op,2021-08,1175000.0
141,"Los Angeles, CA",Single Family Residential,2021-08,950000.0
142,"Los Angeles, CA",Condo/Co-op,2021-08,739000.0
143,"Los Angeles, CA",Single Family Residential,2021-08,860000.0
144,"Los Angeles, CA",Condo/Co-op,2021-08,675000.0
145,"Los Angeles, CA",Single Family Residential,2021-08,1400000.0
146,"Los Angeles, CA",Condo/Co-op,2021-08,640000.0
147,"Los Angeles, CA",Single Family Residential,2021-08,800000.0
148,"Los Angeles, CA",Multi-Family (2-4 Unit),2021-08,990000.0
149,"Los Angeles, CA",Condo/Co-op,2021-08,730000.0
150,"Los Angeles, CA",Single Family Residential,2021-08,1397500.0
151,"Los Angeles, CA",Multi-Family (2-4 Unit),2021-08,1000000.0
152,"Los Angeles, CA",Single Family Residential,2021-08,1435000.0
153,"Los Angeles, CA",Single Family Residential,2021-08,698000.0
154,"Los Angeles, CA",Single Family Residential,2021-08,875000.0
155,"Los Angeles, CA",Single Family Residential,2021-08,860000.0
156,"Los Angeles, CA",Condo/Co-op,2021-08,760000.0
157,"Los Angeles, CA",Condo/Co-op,2021-08,751000.0
158,"Los Angeles, CA",Single Family Residential,2021-08,3225000.0
159,"Los Angeles, CA",Condo/Co-op,2021-08,595000.0
160,"Los Angeles, CA",Single Family Residential,2021-08,915000.0
161,"Los Angeles, CA",Condo/Co-op,2021-08,400000.0
162,"Los Angeles, CA",Condo/Co-op,2021-08,900000.0
163,"Los Angeles, CA",Condo/Co-op,2021-08,1250000.0
164,"Los Angeles, CA",Multi-Family (2-4 Unit),2021-08,2681900.0
165,"Los Angeles, CA",Single Family Residential,2021-08,1400000.0
166,"Los Angeles, CA",Condo/Co-op,2021-08,570000.0
167,"Los Angeles, CA",Condo/Co-op,2021-08,581150.0
168,"Los Angeles, CA",Single Family Residential,2021-08,820000.0
169,"Los Angeles, CA",Multi-Family (2-4 Unit),2021-08,1015000.0
170,"Los Angeles, CA",Single Family Residential,2021-08,868000.0
171,"Los Angeles, CA",Single Family Residential,2021-08,540000.0
172,"Los Angeles, CA",Condo/Co-op,2021-08,940000.0
173,"Los Angeles, CA",Single Family Residential,2021-08,850000.0
174,"Los Angeles, CA",Single Family Residential,2021-08,830000.0
175,"Los Angeles, CA",Single Family Residential,2021-08,640000.0
176,"Los Angeles, CA",Multi-Family (2-4 Unit),2021-08,1029500.0
177,"Los Angeles, CA",Single Family Residential,2021-08,942000.0
178,"Los Angeles, CA",Condo/Co-op,2021-08,688000.0
179,"Los Angeles, CA",Single Family Residential,2021-08,1250000.0
180,"Los Angeles, CA",Condo/Co-op,2021-08,475000.0
181,"Los Angeles, CA",Single Family Residential,2021-07,1750000.0
182,"Los Angeles, CA",Single Family Residential,2021-07,1450000.0
183,"Los Angeles, CA",Condo/Co-op,2021-07,985000.0
184,"Los Angeles, CA",Condo/Co-op,2021-07,437000.0
185,"Los Angeles, CA",Multi-Family (2-4 Unit),2021-07,1650000.0
186,"Los Angeles, CA",Condo/Co-op,2021-07,675000.0
187,"Los Angeles, CA",Single Family Residential,2021-07,1180000.0
188,"Los Angeles, CA",Single Family Residential,2021-07,3025000.0
189,"Los Angeles, CA",Single Family Residential,2021-07,810000.0
190,"Los Angeles, CA",Single Family Residential,2021-07,1185000.0
191,"Los Angeles, CA",Condo/Co-op,2021-07,465000.0
192,"Los Angeles, CA",Multi-Family (2-4 Unit),2021-07,1608000.0
193,"Los Angeles, CA",Condo/Co-op,2021-07,570000.0
194,"Los Angeles, CA",Condo/Co-op,2021-07,440000.0
195,"Los Angeles, CA",Condo/Co-op,2021-07,870000.0
196,"Los Angeles, CA",Single Family Residential,2021-07,2850000.0
197,"Los Angeles, CA",Single Family Residential,2021-07,620000.0
198,"Los Angeles, CA",Condo/Co-op,2021-07,640000.0
199,"Los Angeles, CA",Condo/Co-op,2021-07,567000.0
200,"Los Angeles, CA",Single Family Residential,2021-07,730000.0
201,"Los Angeles, CA",Single Family Residential,2021-07,850000.0
202,"Los Angeles, CA",Single Family Residential,2021-07,625000.0
203,"Los Angeles, CA",Single Family Residential,2021-07,1975095.0
204,"Los Angeles, CA",Single Family Residential,2021-07,965000.0
205,"Los Angeles, CA",Single Family Residential,2021-07,1051000.0
206,"Los Angeles, CA",Condo/Co-op,2021-07,578000.0
207,"Los Angeles, CA",Single Family Residential,2021-07,875000.0
209,"Los Angeles, CA",Single Family Residential,2021-07,1550000.0
210,"Los Angeles, CA",Single Family Residential,2021-07,1200000.0
213,"Los Angeles, CA",Condo/Co-op,2021-07,975000.0
214,"Los Angeles, CA",Single Family Residential,2021-07,635000.0
215,"Los Angeles, CA",Single Family Residential,2021-07,850000.0
216,"Los Angeles, CA",Condo/Co-op,2021-07,487000.0
217,"Los Angeles, CA",Single Family Residential,2021-07,2300000.0
218,"Los Angeles, CA",Multi-Family (2-4 Unit),2021-07,750000.0
219,"Los Angeles, CA",Condo/Co-op,2021-07,675000.0
220,"Los Angeles, CA",Single Family Residential,2021-07,2100000.0
221,"Los Angeles, CA",Condo/Co-op,2021-07,1099000.0
222,"Los Angeles, CA",Condo/Co-op,2021-07,1156000.0
223,"Los Angeles, CA",Single Family Residential,2021-07,1050000.0
224,"Los Angeles, CA",Single Family Residential,2021-07,3100000.0
225,"Los Angeles, CA",Single Family Residential,2021-07,1700000.0
226,"Los Angeles, CA",Single Family Residential,2021-07,1470000.0
227,"Los Angeles, CA",Condo/Co-op,2021-07,650000.0
228,"Los Angeles, CA",Condo/Co-op,2021-07,1149000.0
229,"Los Angeles, CA",Condo/Co-op,2021-07,991000.0
230,"Los Angeles, CA",Condo/Co-op,2021-07,710000.0
231,"Los Angeles, CA",Single Family Residential,2021-07,753000.0
232,"Los Angeles, CA",Single Family Residential,2021-07,1760000.0
233,"Los Angeles, CA",Single Family Residential,2021-07,2000000.0
234,"Los Angeles, CA",Single Family Residential,2021-07,3752500.0
235,"Los Angeles, CA",Condo/Co-op,2021-07,702000.0
236,"Los Angeles, CA",Single Family Residential,2021-07,990000.0
237,"Los Angeles, CA",Condo/Co-op,2021-07,2200000.0
238,"Los Angeles, CA",Condo/Co-op,2021-07,1250000.0
239,"Los Angeles, CA",Single Family Residential,2021-07,3240000.0
240,"Los Angeles, CA",Single Family Residential,2021-07,2818000.0
241,"Los Angeles, CA",Condo/Co-op,2021-07,759200.0
242,"Los Angeles, CA",Single Family Residential,2021-07,1050000.0
243,"Los Angeles, CA",Single Family Residential,2021-07,760000.0
244,"Los Angeles, CA",Single Family Residential,2021-07,855000.0
245,"Los Angeles, CA",Condo/Co-op,2021-07,385000.0
246,"Los Angeles, CA",Single Family Residential,2021-07,1050000.0
247,"Los Angeles, CA",Condo/Co-op,2021-07,610000.0
248,"Los Angeles, CA",Single Family Residential,2021-07,1128800.0
250,"Los Angeles, CA",Multi-Family (2-4 Unit),2021-07,1512000.0
251,"Los Angeles, CA",Single Family Residential,2021-07,761000.0
252,"Los Angeles, CA",Single Family Residential,2021-07,3000000.0
253,"Los Angeles, CA",Single Family Residential,2021-07,803317.0
254,"Los Angeles, CA",Single Family Residential,2021-07,490000.0
255,"Los Angeles, CA",Single Family Residential,2021-07,1050000.0
256,"Los Angeles, CA",Condo/Co-op,2021-07,840000.0
257,"Los Angeles, CA",Single Family Residential,2021-07,1850000.0
258,"Los Angeles, CA",Condo/Co-op,2021-07,625000.0
259,"Los Angeles, CA",Condo/Co-op,2021-07,725000.0
260,"Los Angeles, CA",Single Family Residential,2021-07,825000.0
261,"Los Angeles, CA",Single Family Residential,2021-07,820000.0
262,"Los Angeles, CA",Single Family Residential,2021-07,1475000.0
263,"Los Angeles, CA",Condo/Co-op,2021-07,750000.0
264,"Los Angeles, CA",Single Family Residential,2021-07,1000000.0
265,"Los Angeles, CA",Condo/Co-op,2021-07,512500.0
267,"Los Angeles, CA",Condo/Co-op,2021-07,690000.0
268,"Los Angeles, CA",Single Family Residential,2021-07,1360000.0
269,"Los Angeles, CA",Condo/Co-op,2021-07,807000.0
270,"Los Angeles, CA",Single Family Residential,2021-07,680000.0
271,"Los Angeles, CA",Single Family Residential,2021-07,2250000.0
272,"Los Angeles, CA",Single Family Residential,2021-07,2500000.0
273,"Los Angeles, CA",Townhouse,2021-07,540000.0
274,"Los Angeles, CA",Multi-Family (2-4 Unit),2021-07,1400000.0
275,"Los Angeles, CA",Single Family Residential,2021-07,1990000.0
276,"Los Angeles, CA",Condo/Co-op,2021-07,951000.0
277,"Los Angeles, CA",Condo/Co-op,2021-07,550000.0
278,"Los Angeles, CA",Single Family Residential,2021-07,865000.0
279,"Los Angeles, CA",Condo/Co-op,2021-07,1590000.0
280,"Los Angeles, CA",Single Family Residential,2021-07,2100000.0
281,"Los Angeles, CA",Condo/Co-op,2021-07,615000.0
282,"Los Angeles, CA",Single Family Residential,2021-07,1000000.0
283,"Los Angeles, CA",Single Family Residential,2021-07,1003000.0
284,"Los Angeles, CA",Single Family Residential,2021-07,952000.0
285,"Los Angeles, CA",Condo/Co-op,2021-07,625000.0
286,"Los Angeles, CA",Single Family Residential,2021-07,2250000.0
287,"Los Angeles, CA",Single Family Residential,2021-07,1480000.0
288,"Los Angeles, CA",Condo/Co-op,2021-07,1475000.0
289,"Los Angeles, CA",Single Family Residential,2021-07,2200000.0
290,"Los Angeles, CA",Single Family Residential,2021-07,880000.0
291,"Los Angeles, CA",Single Family Residential,2021-07,1800000.0
292,"Los Angeles, CA",Single Family Residential,2021-07,1550000.0
293,"Los Angeles, CA",Single Family Residential,2021-07,881000.0
294,"Los Angeles, CA",Single Family Residential,2021-07,2080000.0
295,"Los Angeles, CA",Single Family Residential,2021-07,1894500.0
296,"Los Angeles, CA",Multi-Family (2-4 Unit),2021-07,1470000.0
297,"Los Angeles, CA",Single Family Residential,2021-07,1359702.0
298,"Los Angeles, CA",Condo/Co-op,2021-07,625000.0
299,"Los Angeles, CA",Single Family Residential,2021-07,1170000.0
300,"Los Angeles, CA",Condo/Co-op,2021-07,690000.0
301,"Los Angeles, CA",Single Family Residential,2021-07,814230.0
302,"Los Angeles, CA",Single Family Residential,2021-07,2365000.0
303,"Los Angeles, CA",Condo/Co-op,2021-07,399000.0
304,"Los Angeles, CA",Condo/Co-op,2021-07,450000.0
305,"Los Angeles, CA",Single Family Residential,2021-07,2145000.0
306,"Los Angeles, CA",Single Family Residential,2021-07,2750072.0
307,"Los Angeles, CA",Condo/Co-op,2021-08,577274.0
308,"Los Angeles, CA",Condo/Co-op,2021-08,1174083.0
309,"Los Angeles, CA",Single Family Residential,2021-08,1038095.0
310,"Los Angeles, CA",Single Family Residential,2021-07,1541778.0
311,"Los Angeles, CA",Single Family Residential,2021-08,1439158.0
312,"Los Angeles, CA",Single Family Residential,2021-07,2598447.0
313,"Los Angeles, CA",Multi-Family (2-4 Unit),2021-07,1466271.0
314,"Los Angeles, CA",Single Family Residential,2021-08,2687042.0
315,"Los Angeles, CA",Single Family Residential,2021-07,1025489.0
316,"Los Angeles, CA",Single Family Residential,2021-07,767010.0
317,"Los Angeles, CA",Single Family Residential,2021-07,915635.0
318,"Los Angeles, CA",Single Family Residential,2021-08,1010054.0
319,"Los Angeles, CA",Condo/Co-op,2021-07,611083.0
320,"Los Angeles, CA",Condo/Co-op,2021-09,733814.0
321,"Los Angeles, CA",Condo/Co-op,2021-08,756808.0
322,"Los Angeles, CA",Multi-Family (2-4 Unit),2021-08,657832.0
323,"Los Angeles, CA",Single Family Residential,2021-07,664866.0
324,"Los Angeles, CA",Single Family Residential,2021-07,932022.0
325,"Los Angeles, CA",Single Family Residential,2021-07,924656.0
326,"Los Angeles, CA",Single Family Residential,2021-08,1067532.0
328,"Los Angeles, CA",Condo/Co-op,2021-07,675326.0
330,"Los Angeles, CA",Single Family Residential,2021-07,2528750.0
331,"Los Angeles, CA",Single Family Residential,2021-07,2190078.0
332,"Los Angeles, CA",Single Family Residential,2021-07,586297.0
333,"Los Angeles, CA",Condo/Co-op,2021-08,732900.0
334,"Los Angeles, CA",Single Family Residential,2021-08,1547068.0
335,"Los Angeles, CA",Single Family Residential,2021-07,1750042.0
336,"Los Angeles, CA",Single Family Residential,2021-08,1406469.0
0,"Seattle, WA",Condo/Co-op,2021-09,680000.0
1,"Seattle, WA",Single Family Residential,2021-09,875000.0
2,"Seattle, WA",Condo/Co-op,2021-09,705000.0
3,"Seattle, WA",Townhouse,2021-09,600000.0
4,"Seattle, WA",Condo/Co-op,2021-09,325000.0
5,"Seattle, WA",Condo/Co-op,2021-09,559000.0
6,"Seattle, WA",Single Family Residential,2021-09,690000.0
7,"Seattle, WA",Single Family Residential,2021-09,1325000.0
8,"Seattle, WA",Single Family Residential,2021-09,1298000.0
9,"Seattle, WA",Townhouse,2021-09,835000.0
10,"Seattle, WA",Townhouse,2021-09,822500.0
11,"Seattle, WA",Townhouse,2021-09,650000.0
12,"Seattle, WA",Single Family Residential,2021-09,2395000.0
13,"Seattle, WA",Condo/Co-op,2021-09,735000.0
14,"Seattle, WA",Condo/Co-op,2021-09,408000.0
15,"Seattle, WA",Single Family Residential,2021-09,649995.0
16,"Seattle, WA",Single Family Residential,2021-09,1230000.0
17,"Seattle, WA",Single Family Residential,2021-09,920000.0
18,"Seattle, WA",Single Family Residential,2021-09,954800.0
19,"Seattle, WA",Townhouse,2021-09,573300.0
20,"Seattle, WA",Townhouse,2021-09,915000.0
21,"Seattle, WA",Multi-Family (2-4 Unit),2021-09,1350000.0
22,"Seattle, WA",Townhouse,2021-09,389000.0
23,"Seattle, WA",Condo/Co-op,2021-09,305000.0
24,"Seattle, WA",Single Family Residential,2021-09,849000.0
25,"Seattle, WA",Townhouse,2021-09,720000.0
26,"Seattle, WA",Townhouse,2021-09,745000.0
27,"Seattle, WA",Townhouse,2021-09,450000.0
28,"Seattle, WA",Condo/Co-op,2021-09,641000.0
29,"Seattle, WA",Single Family Residential,2021-09,570000.0
30,"Seattle, WA",Single Family Residential,2021-09,1040000.0
31,"Seattle, WA",Single Family Residential,2021-09,720000.0
32,"Seattle, WA",Single Family Residential,2021-09,1500000.0
33,"Seattle, WA",Condo/Co-op,2021-09,525000.0
34,"Seattle, WA",Townhouse,2021-09,654800.0
35,"Seattle, WA",Townhouse,2021-09,1520000.0
36,"Seattle, WA",Condo/Co-op,2021-09,445000.0
37,"Seattle, WA",Townhouse,2021-09,608000.0
38,"Seattle, WA",Single Family Residential,2021-09,1220000.0
39,"Seattle, WA",Condo/Co-op,2021-09,530000.0
40,"Seattle, WA",Condo/Co-op,2021-09,626000.0
41,"Seattle, WA",Single Family Residential,2021-09,1150000.0
42,"Seattle, WA",Townhouse,2021-09,600000.0
43,"Seattle, WA",Condo/Co-op,2021-09,872000.0
44,"Seattle, WA",Single Family Residential,2021-09,602500.0
45,"Seattle, WA",Single Family Residential,2021-09,1045000.0
46,"Seattle, WA",Condo/Co-op,2021-09,700000.0
47,"Seattle, WA",Condo/Co-op,2021-09,719000.0
48,"Seattle, WA",Single Family Residential,2021-09,858000.0
49,"Seattle, WA",Single Family Residential,2021-09,935000.0
50,"Seattle, WA",Condo/Co-op,2021-09,585000.0
51,"Seattle, WA",Single Family Residential,2021-09,915000.0
52,"Seattle, WA",Single Family Residential,2021-09,1639000.0
53,"Seattle, WA",Condo/Co-op,2021-09,527500.0
54,"Seattle, WA",Townhouse,2021-09,560000.0
55,"Seattle, WA",Townhouse,2021-09,745000.0
56,"Seattle, WA",Townhouse,2021-09,950000.0
57,"Seattle, WA",Townhouse,2021-09,853000.0
58,"Seattle, WA",Condo/Co-op,2021-09,365000.0
59,"Seattle, WA",Townhouse,2021-09,999000.0
60,"Seattle, WA",Townhouse,2021-09,775000.0
61,"Seattle, WA",Single Family Residential,2021-09,699750.0
62,"Seattle, WA",Single Family Residential,2021-09,895000.0
63,"Seattle, WA",Condo/Co-op,2021-09,390000.0
64,"Seattle, WA",Condo/Co-op,2021-09,395000.0
65,"Seattle, WA",Condo/Co-op,2021-09,425000.0
66,"Seattle, WA",Single Family Residential,2021-09,974000.0
67,"Seattle, WA",Single Family Residential,2021-09,875000.0
68,"Seattle, WA",Condo/Co-op,2021-09,905000.0
69,"Seattle, WA",Single Family Residential,2021-09,1530000.0
70,"Seattle, WA",Single Family Residential,2021-09,1130000.0
71,"Seattle, WA",Single Family Residential,2021-09,950000.0
72,"Seattle, WA",Single Family Residential,2021-09,1060000.0
73,"Seattle, WA",Condo/Co-op,2021-09,499000.0
74,"Seattle, WA",Single Family Residential,2021-09,1175000.0
75,"Seattle, WA",Single Family Residential,2021-09,1245000.0
76,"Seattle, WA",Single Family Residential,2021-09,1800000.0
77,"Seattle, WA",Single Family Residential,2021-09,830000.0
78,"Seattle, WA",Condo/Co-op,2021-09,695000.0
79,"Seattle, WA",Single Family Residential,2021-09,735000.0
80,"Seattle, WA",Single Family Residential,2021-09,603000.0
81,"Seattle, WA",Townhouse,2021-09,915000.0
82,"Seattle, WA",Single Family Residential,2021-09,820000.0
83,"Seattle, WA",Single Family Residential,2021-09,817000.0
84,"Seattle, WA",Townhouse,2021-09,840000.0
85,"Seattle, WA",Condo/Co-op,2021-09,480000.0
86,"Seattle, WA",Single Family Residential,2021-09,930000.0
87,"Seattle, WA",Condo/Co-op,2021-09,450000.0
88,"Seattle, WA",Condo/Co-op,2021-09,370000.0
89,"Seattle, WA",Single Family Residential,2021-09,2780000.0
90,"Seattle, WA",Townhouse,2021-09,592500.0
91,"Seattle, WA",Condo/Co-op,2021-09,299950.0
92,"Seattle, WA",Townhouse,2021-09,745000.0
93,"Seattle, WA",Single Family Residential,2021-09,1202000.0
94,"Seattle, WA",Condo/Co-op,2021-09,315000.0
95,"Seattle, WA",Condo/Co-op,2021-09,1229950.0
96,"Seattle, WA",Townhouse,2021-09,815000.0
97,"Seattle, WA",Townhouse,2021-09,605000.0
98,"Seattle, WA",Single Family Residential,2021-09,1850000.0
99,"Seattle, WA",Townhouse,2021-09,565000.0
100,"Seattle, WA",Single Family Residential,2021-08,985000.0
101,"Seattle, WA",Single Family Residential,2021-08,770000.0
102,"Seattle, WA",Townhouse,2021-08,779000.0
103,"Seattle, WA",Townhouse,2021-08,575000.0
104,"Seattle, WA",Single Family Residential,2021-08,1350000.0
105,"Seattle, WA",Condo/Co-op,2021-08,1125000.0
106,"Seattle, WA",Single Family Residential,2021-08,800000.0
107,"Seattle, WA",Condo/Co-op,2021-08,620000.0
108,"Seattle, WA",Single Family Residential,2021-08,1001000.0
109,"Seattle, WA",Single Family Residential,2021-08,1150000.0
110,"Seattle, WA",Condo/Co-op,2021-08,329000.0
111,"Seattle, WA",Condo/Co-op,2021-08,425500.0
112,"Seattle, WA",Single Family Residential,2021-08,1480000.0
113,"Seattle, WA",Townhouse,2021-08,615500.0
114,"Seattle, WA",Townhouse,2021-08,850000.0
115,"Seattle, WA",Single Family Residential,2021-08,750000.0
116,"Seattle, WA",Townhouse,2021-08,890000.0
117,"Seattle, WA",Condo/Co-op,2021-08,329000.0
118,"Seattle, WA",Single Family Residential,2021-08,1117000.0
119,"Seattle, WA",Townhouse,2021-08,678000.0
120,"Seattle, WA",Single Family Residential,2021-08,1150000.0
121,"Seattle, WA",Multi-Family (2-4 Unit),2021-08,650000.0
122,"Seattle, WA",Single Family Residential,2021-08,1391000.0
123,"Seattle, WA",Condo/Co-op,2021-08,305000.0
124,"Seattle, WA",Townhouse,2021-08,568000.0
125,"Seattle, WA",Townhouse,2021-08,900000.0
126,"Seattle, WA",Townhouse,2021-08,601000.0
127,"Seattle, WA",Single Family Residential,2021-08,550000.0
128,"Seattle, WA",Single Family Residential,2021-08,885000.0
129,"Seattle, WA",Condo/Co-op,2021-08,424000.0
130,"Seattle, WA",Condo/Co-op,2021-08,380000.0
131,"Seattle, WA",Condo/Co-op,2021-08,420000.0
132,"Seattle, WA",Condo/Co-op,2021-08,1720000.0
133,"Seattle, WA",Condo/Co-op,2021-08,554950.0
134,"Seattle, WA",Single Family Residential,2021-08,815000.0
135,"Seattle, WA",Single Family Residential,2021-08,2650000.0
136,"Seattle, WA",Condo/Co-op,2021-08,545000.0
137,"Seattle, WA",Condo/Co-op,2021-08,420000.0
138,"Seattle, WA",Single Family Residential,2021-08,640000.0
139,"Seattle, WA",Single Family Residential,2021-08,650000.0
140,"Seattle, WA",Condo/Co-op,2021-08,318000.0
141,"Seattle, WA",Townhouse,2021-08,805000.0
142,"Seattle, WA",Multi-Family (2-4 Unit),2021-08,655000.0
143,"Seattle, WA",Single Family Residential,2021-08,800000.0
144,"Seattle, WA",Single Family Residential,2021-08,710800.0
145,"Seattle, WA",Single Family Residential,2021-08,2750000.0
146,"Seattle, WA",Single Family Residential,2021-08,720000.0
147,"Seattle, WA",Single Family Residential,2021-08,730000.0
148,"Seattle, WA",Single Family Residential,2021-08,795000.0
149,"Seattle, WA",Townhouse,2021-08,1019000.0
150,"Seattle, WA",Single Family Residential,2021-08,2750000.0
151,"Seattle, WA",Condo/Co-op,2021-08,799000.0
152,"Seattle, WA",Single Family Residential,2021-08,1105000.0
153,"Seattle, WA",Townhouse,2021-08,586000.0
154,"Seattle, WA",Single Family Residential,2021-08,1725000.0
155,"Seattle, WA",Condo/Co-op,2021-08,470000.0
156,"Seattle, WA",Condo/Co-op,2021-08,290000.0
157,"Seattle, WA",Townhouse,2021-08,1000000.0
158,"Seattle, WA",Single Family Residential,2021-08,700000.0
159,"Seattle, WA",Townhouse,2021-08,290000.0
160,"Seattle, WA",Condo/Co-op,2021-08,865000.0
161,"Seattle, WA",Single Family Residential,2021-08,590000.0
162,"Seattle, WA",Single Family Residential,2021-08,1800000.0
163,"Seattle, WA",Condo/Co-op,2021-08,440000.0
164,"Seattle, WA",Condo/Co-op,2021-08,280000.0
165,"Seattle, WA",Single Family Residential,2021-08,825000.0
166,"Seattle, WA",Single Family Residential,2021-08,798800.0
167,"Seattle, WA",Single Family Residential,2021-08,925500.0
168,"Seattle, WA",Single Family Residential,2021-08,999800.0
169,"Seattle, WA",Townhouse,2021-08,785000.0
170,"Seattle, WA",Single Family Residential,2021-08,700000.0
171,"Seattle, WA",Single Family Residential,2021-08,700000.0
172,"Seattle, WA",Single Family Residential,2021-08,525000.0
173,"Seattle, WA",Single Family Residential,2021-08,696000.0
174,"Seattle, WA",Single Family Residential,2021-08,911500.0
175,"Seattle, WA",Multi-Family (2-4 Unit),2021-08,710000.0
176,"Seattle, WA",Townhouse,2021-08,670000.0
177,"Seattle, WA",Townhouse,2021-08,900000.0
178,"Seattle, WA",Townhouse,2021-08,820000.0
179,"Seattle, WA",Single Family Residential,2021-08,575000.0
180,"Seattle, WA",Townhouse,2021-08,860000.0
181,"Seattle, WA",Condo/Co-op,2021-08,490000.0
182,"Seattle, WA",Single Family Residential,2021-08,1270000.0
183,"Seattle, WA",Single Family Residential,2021-08,600000.0
184,"Seattle, WA",Townhouse,2021-08,942000.0
185,"Seattle, WA",Condo/Co-op,2021-08,701000.0
186,"Seattle, WA",Townhouse,2021-08,625000.0
187,"Seattle, WA",Single Family Residential,2021-08,880000.0
188,"Seattle, WA",Townhouse,2021-08,760000.0
189,"Seattle, WA",Single Family Residential,2021-08,1059000.0
190,"Seattle, WA",Single Family Residential,2021-08,675000.0
191,"Seattle, WA",Condo/Co-op,2021-08,490000.0
192,"Seattle, WA",Condo/Co-op,2021-08,395000.0
193,"Seattle, WA",Single Family Residential,2021-08,795000.0
194,"Seattle, WA",Condo/Co-op,2021-08,489000.0
195,"Seattle, WA",Townhouse,2021-08,680000.0
196,"Seattle, WA",Condo/Co-op,2021-08,600000.0
197,"Seattle, WA",Single Family Residential,2021-08,622000.0
198,"Seattle, WA",Condo/Co-op,2021-08,952000.0
199,"Seattle, WA",Single Family Residential,2021-08,1035000.0
200,"Seattle, WA",Single Family Residential,2021-08,890000.0
201,"Seattle, WA",Single Family Residential,2021-08,475000.0
202,"Seattle, WA",Condo/Co-op,2021-08,475000.0
203,"Seattle, WA",Single Family Residential,2021-08,705000.0
204,"Seattle, WA",Condo/Co-op,2021-08,699500.0
205,"Seattle, WA",Townhouse,2021-08,875000.0
206,"Seattle, WA",Multi-Family (2-4 Unit),2021-07,1265000.0
207,"Seattle, WA",Single Family Residential,2021-07,855000.0
208,"Seattle, WA",Townhouse,2021-07,499800.0
209,"Seattle, WA",Townhouse,2021-07,840000.0
210,"Seattle, WA",Single Family Residential,2021-07,550000.0
211,"Seattle, WA",Townhouse,2021-07,545000.0
212,"Seattle, WA",Single Family Residential,2021-07,1200000.0
213,"Seattle, WA",Condo/Co-op,2021-07,309000.0
214,"Seattle, WA",Single Family Residential,2021-07,555000.0
215,"Seattle, WA",Condo/Co-op,2021-07,448888.0
216,"Seattle, WA",Townhouse,2021-07,610000.0
217,"Seattle, WA",Condo/Co-op,2021-07,289950.0
218,"Seattle, WA",Townhouse,2021-07,780000.0
219,"Seattle, WA",Townhouse,2021-07,825000.0
220,"Seattle, WA",Condo/Co-op,2021-07,1350000.0
221,"Seattle, WA",Condo/Co-op,2021-07,435000.0
222,"Seattle, WA",Condo/Co-op,2021-07,530000.0
223,"Seattle, WA",Single Family Residential,2021-07,1800000.0
224,"Seattle, WA",Condo/Co-op,2021-07,300000.0
225,"Seattle, WA",Single Family Residential,2021-07,850000.0
226,"Seattle, WA",Single Family Residential,2021-07,550000.0
227,"Seattle, WA",Condo/Co-op,2021-07,395000.0
228,"Seattle, WA",Single Family Residential,2021-07,600000.0
229,"Seattle, WA",Townhouse,2021-07,600000.0
230,"Seattle, WA",Single Family Residential,2021-07,669000.0
231,"Seattle, WA",Condo/Co-op,2021-07,379000.0
232,"Seattle, WA",Condo/Co-op,2021-07,475000.0
233,"Seattle, WA",Condo/Co-op,2021-07,325000.0
234,"Seattle, WA",Condo/Co-op,2021-07,565000.0
235,"Seattle, WA",Townhouse,2021-07,999000.0
236,"Seattle, WA",Single Family Residential,2021-07,585000.0
237,"Seattle, WA",Condo/Co-op,2021-07,470000.0
238,"Seattle, WA",Single Family Residential,2021-07,1355000.0
239,"Seattle, WA",Single Family Residential,2021-07,925000.0
240,"Seattle, WA",Single Family Residential,2021-07,1715000.0
241,"Seattle, WA",Single Family Residential,2021-07,3990000.0
242,"Seattle, WA",Single Family Residential,2021-07,3990000.0
243,"Seattle, WA",Single Family Residential,2021-07,920000.0
244,"Seattle, WA",Townhouse,2021-07,1314100.0
245,"Seattle, WA",Single Family Residential,2021-07,1579950.0
246,"Seattle, WA",Single Family Residential,2021-07,680000.0
247,"Seattle, WA",Townhouse,2021-07,775000.0
248,"Seattle, WA",Condo/Co-op,2021-07,320000.0
249,"Seattle, WA",Single Family Residential,2021-07,910000.0
250,"Seattle, WA",Single Family Residential,2021-07,779000.0
251,"Seattle, WA",Single Family Residential,2021-07,915000.0
252,"Seattle, WA",Single Family Residential,2021-07,995000.0
253,"Seattle, WA",Townhouse,2021-07,630000.0
254,"Seattle, WA",Single Family Residential,2021-07,750000.0
255,"Seattle, WA",Single Family Residential,2021-07,1395000.0
256,"Seattle, WA",Single Family Residential,2021-07,601000.0
257,"Seattle, WA",Single Family Residential,2021-07,725000.0
258,"Seattle, WA",Condo/Co-op,2021-07,629950.0
259,"Seattle, WA",Condo/Co-op,2021-07,599000.0
260,"Seattle, WA",Single Family Residential,2021-07,510000.0
261,"Seattle, WA",Single Family Residential,2021-07,950000.0
262,"Seattle, WA",Single Family Residential,2021-07,809000.0
263,"Seattle, WA",Townhouse,2021-07,1100000.0
264,"Seattle, WA",Single Family Residential,2021-07,620000.0
265,"Seattle, WA",Condo/Co-op,2021-07,315000.0
266,"Seattle, WA",Single Family Residential,2021-07,850000.0
267,"Seattle, WA",Townhouse,2021-07,620000.0
268,"Seattle, WA",Townhouse,2021-07,625000.0
269,"Seattle, WA",Single Family Residential,2021-07,1385888.0
270,"Seattle, WA",Single Family Residential,2021-07,975000.0
271,"Seattle, WA",Townhouse,2021-07,685000.0
272,"Seattle, WA",Condo/Co-op,2021-07,340000.0
273,"Seattle, WA",Townhouse,2021-07,630000.0
274,"Seattle, WA",Single Family Residential,2021-07,1425000.0
275,"Seattle, WA",Single Family Residential,2021-07,1324000.0
276,"Seattle, WA",Single Family Residential,2021-07,1400000.0
277,"Seattle, WA",Single Family Residential,2021-07,593000.0
278,"Seattle, WA",Townhouse,2021-07,540000.0
279,"Seattle, WA",Single Family Residential,2021-07,775000.0
280,"Seattle, WA",Single Family Residential,2021-07,965000.0
281,"Seattle, WA",Single Family Residential,2021-07,599900.0
282,"Seattle, WA",Single Family Residential,2021-07,1899500.0
283,"Seattle, WA",Condo/Co-op,2021-07,465000.0
284,"Seattle, WA",Single Family Residential,2021-07,890600.0
285,"Seattle, WA",Single Family Residential,2021-07,785000.0
286,"Seattle, WA",Condo/Co-op,2021-07,1090000.0
287,"Seattle, WA",Condo/Co-op,2021-07,349000.0
288,"Seattle, WA",Condo/Co-op,2021-07,640000.0
289,"Seattle, WA",Condo/Co-op,2021-07,462500.0
290,"Seattle, WA",Condo/Co-op,2021-07,288500.0
291,"Seattle, WA",Single Family Residential,2021-07,945000.0
292,"Seattle, WA",Single Family Residential,2021-07,925000.0
293,"Seattle, WA",Condo/Co-op,2021-07,425000.0
294,"Seattle, WA",Single Family Residential,2021-07,659712.0
295,"Seattle, WA",Single Family Residential,2021-07,1710000.0
296,"Seattle, WA",Single Family Residential,2021-07,810000.0
297,"Seattle, WA",Single Family Residential,2021-07,663500.0
298,"Seattle, WA",Condo/Co-op,2021-07,306000.0
299,"Seattle, WA",Condo/Co-op,2021-07,365000.0
300,"Seattle, WA",Condo/Co-op,2021-07,550000.0
302,"Seattle, WA",Single Family Residential,2021-07,1875000.0
303,"Seattle, WA",Single Family Residential,2021-07,1198000.0
304,"Seattle, WA",Single Family Residential,2021-07,600000.0
305,"Seattle, WA",Single Family Residential,2021-07,399950.0
306,"Seattle, WA",Single Family Residential,2021-07,562500.0
307,"Seattle, WA",Condo/Co-op,2021-07,375000.0
308,"Seattle, WA",Townhouse,2021-07,625000.0
309,"Seattle, WA",Single Family Residential,2021-07,1270000.0
310,"Seattle, WA",Condo/Co-op,2021-07,435000.0
311,"Seattle, WA",Single Family Residential,2021-07,839000.0
312,"Seattle, WA",Condo/Co-op,2021-07,420000.0
313,"Seattle, WA",Townhouse,2021-07,720000.0
314,"Seattle, WA",Single Family Residential,2021-07,718000.0
315,"Seattle, WA",Single Family Residential,2021-07,1050000.0
316,"Seattle, WA",Single Family Residential,2021-07,540000.0
317,"Seattle, WA",Single Family Residential,2021-07,887000.0
318,"Seattle, WA",Condo/Co-op,2021-07,900000.0
319,"Seattle, WA",Condo/Co-op,2021-07,380000.0
320,"Seattle, WA",Condo/Co-op,2021-07,1000000.0
321,"Seattle, WA",Condo/Co-op,2021-07,857500.0
322,"Seattle, WA",Condo/Co-op,2021-07,319000.0
323,"Seattle, WA",Townhouse,2021-07,833000.0
324,"Seattle, WA",Condo/Co-op,2021-07,599000.0
325,"Seattle, WA",Townhouse,2021-07,550000.0
326,"Seattle, WA",Townhouse,2021-07,1112000.0
327,"Seattle, WA",Townhouse,2021-07,749000.0
328,"Seattle, WA",Single Family Residential,2021-07,505000.0
329,"Seattle, WA",Single Family Residential,2021-07,1400000.0
330,"Seattle, WA",Condo/Co-op,2021-07,700000.0
331,"Seattle, WA",Condo/Co-op,2021-07,422500.0
332,"Seattle, WA",Condo/Co-op,2021-08,712822.0
333,"Seattle, WA",Condo/Co-op,2021-07,844982.0
334,"Seattle, WA",Condo/Co-op,2021-08,459322.0
335,"Seattle, WA",Condo/Co-op,2021-08,520458.0
336,"Seattle, WA",Single Family Residential,2021-07,1048579.0
337,"Seattle, WA",Single Family Residential,2021-07,923702.0
338,"Seattle, WA",Single Family Residential,2021-07,1504656.0
339,"Seattle, WA",Single Family Residential,2021-08,891406.0
340,"Seattle, WA",Single Family Residential,2021-08,846912.0
341,"Seattle, WA",Single Family Residential,2021-08,3514157.0
342,"Seattle, WA",Single Family Residential,2021-07,617433.0
343,"Seattle, WA",Condo/Co-op,2021-08,2506860.0
344,"Seattle, WA",Townhouse,2021-08,554130.0
345,"Seattle, WA",Condo/Co-op,2021-08,1257906.0
0,"New York, NY",Multi-Family (2-4 Unit),2021-09,750000.0
1,"New York, NY",Townhouse,2021-09,600000.0
2,"New York, NY",Single Family Residential,2021-09,990000.0
3,"New York, NY",Single Family Residential,2021-09,665000.0
4,"New York, NY",Single Family Residential,2021-09,590000.0
5,"New York, NY",Multi-Family (2-4 Unit),2021-09,750000.0
6,"New York, NY",Condo/Co-op,2021-09,345000.0
7,"New York, NY",Multi-Family (2-4 Unit),2021-09,975000.0
8,"New York, NY",Single Family Residential,2021-09,700000.0
9,"New York, NY",Single Family Residential,2021-09,530000.0
10,"New York, NY",Single Family Residential,2021-09,367500.0
11,"New York, NY",Condo/Co-op,2021-09,925000.0
12,"New York, NY",Multi-Family (2-4 Unit),2021-09,645000.0
13,"New York, NY",Single Family Residential,2021-09,605000.0
14,"New York, NY",Single Family Residential,2021-09,810000.0
15,"New York, NY",Multi-Family (2-4 Unit),2021-09,800000.0
16,"New York, NY",Multi-Family (2-4 Unit),2021-09,1230000.0
17,"New York, NY",Single Family Residential,2021-09,710000.0
18,"New York, NY",Single Family Residential,2021-09,960000.0
19,"New York, NY",Multi-Family (2-4 Unit),2021-09,950000.0
20,"New York, NY",Condo/Co-op,2021-09,399000.0
21,"New York, NY",Condo/Co-op,2021-09,190000.0
22,"New York, NY",Single Family Residential,2021-09,2350000.0
23,"New York, NY",Single Family Residential,2021-09,637000.0
24,"New York, NY",Single Family Residential,2021-09,555000.0
25,"New York, NY",Single Family Residential,2021-09,427000.0
26,"New York, NY",Condo/Co-op,2021-09,700000.0
27,"New York, NY",Condo/Co-op,2021-09,730000.0
28,"New York, NY",Single Family Residential,2021-09,702000.0
29,"New York, NY",Single Family Residential,2021-09,583000.0
30,"New York, NY",Single Family Residential,2021-09,990000.0
31,"New York, NY",Single Family Residential,2021-09,750000.0
32,"New York, NY",Condo/Co-op,2021-09,975000.0
33,"New York, NY",Condo/Co-op,2021-09,495000.0
34,"New York, NY",Multi-Family (2-4 Unit),2021-09,1145000.0
35,"New York, NY",Multi-Family (2-4 Unit),2021-09,875000.0
36,"New York, NY",Single Family Residential,2021-09,580000.0
37,"New York, NY",Single Family Residential,2021-09,830000.0
38,"New York, NY",Single Family Residential,2021-09,978000.0
39,"New York, NY",Single Family Residential,2021-09,715000.0
40,"New York, NY",Multi-Family (2-4 Unit),2021-09,635000.0
41,"New York, NY",Multi-Family (2-4 Unit),2021-09,935000.0
42,"New York, NY",Single Family Residential,2021-09,599000.0
43,"New York, NY",Condo/Co-op,2021-09,180000.0
44,"New York, NY",Condo/Co-op,2021-09,415000.0
45,"New York, NY",Single Family Residential,2021-09,995000.0
46,"New York, NY",Single Family Residential,2021-09,570000.0
47,"New York, NY",Single Family Residential,2021-09,615000.0
48,"New York, NY",Condo/Co-op,2021-09,425000.0
49,"New York, NY",Townhouse,2021-09,660000.0
50,"New York, NY",Condo/Co-op,2021-09,250000.0
51,"New York, NY",Single Family Residential,2021-09,827400.0
52,"New York, NY",Single Family Residential,2021-09,676000.0
53,"New York, NY",Multi-Family (2-4 Unit),2021-09,1390000.0
54,"New York, NY",Single Family Residential,2021-09,580000.0
55,"New York, NY",Single Family Residential,2021-09,705000.0
56,"New York, NY",Condo/Co-op,2021-09,768000.0
57,"New York, NY",Single Family Residential,2021-09,1570000.0
58,"New York, NY",Condo/Co-op,2021-09,885000.0
59,"New York, NY",Single Family Residential,2021-09,830000.0
60,"New York, NY",Multi-Family (2-4 Unit),2021-09,890000.0
61,"New York, NY",Multi-Family (2-4 Unit),2021-09,720000.0
62,"New York, NY",Multi-Family (2-4 Unit),2021-09,1460000.0
63,"New York, NY",Single Family Residential,2021-09,1065000.0
64,"New York, NY",Single Family Residential,2021-09,810000.0
65,"New York, NY",Multi-Family (2-4 Unit),2021-09,825000.0
66,"New York, NY",Single Family Residential,2021-09,869000.0
67,"New York, NY",Condo/Co-op,2021-09,370000.0
68,"New York, NY",Single Family Residential,2021-09,530000.0
69,"New York, NY",Single Family Residential,2021-09,650000.0
70,"New York, NY",Condo/Co-op,2021-09,175000.0
71,"New York, NY",Condo/Co-op,2021-09,450000.0
72,"New York, NY",Condo/Co-op,2021-09,428000.0
73,"New York, NY",Single Family Residential,2021-09,1270000.0
74,"New York, NY",Single Family Residential,2021-09,580000.0
75,"New York, NY",Condo/Co-op,2021-09,420000.0
76,"New York, NY",Single Family Residential,2021-09,478000.0
77,"New York, NY",Multi-Family (2-4 Unit),2021-09,550000.0
78,"New York, NY",Single Family Residential,2021-09,570450.0
79,"New York, NY",Single Family Residential,2021-09,530000.0
80,"New York, NY",Condo/Co-op,2021-09,678000.0
81,"New York, NY",Condo/Co-op,2021-09,160000.0
82,"New York, NY",Single Family Residential,2021-09,459000.0
83,"New York, NY",Multi-Family (2-4 Unit),2021-09,995000.0
84,"New York, NY",Single Family Residential,2021-09,740000.0
85,"New York, NY",Single Family Residential,2021-09,547000.0
86,"New York, NY",Multi-Family (2-4 Unit),2021-09,1175000.0
87,"New York, NY",Single Family Residential,2021-09,680000.0
88,"New York, NY",Single Family Residential,2021-09,790000.0
89,"New York, NY",Condo/Co-op,2021-09,350000.0
90,"New York, NY",Single Family Residential,2021-08,285000.0
91,"New York, NY",Single Family Residential,2021-08,785000.0
92,"New York, NY",Multi-Family (2-4 Unit),2021-08,899000.0
93,"New York, NY",Multi-Family (2-4 Unit),2021-08,858000.0
94,"New York, NY",Condo/Co-op,2021-08,555000.0
95,"New York, NY",Condo/Co-op,2021-08,295000.0
96,"New York, NY",Single Family Residential,2021-08,870000.0
97,"New York, NY",Single Family Residential,2021-08,570988.0
98,"New York, NY",Single Family Residential,2021-08,541500.0
99,"New York, NY",Multi-Family (2-4 Unit),2021-08,565000.0
100,"New York, NY",Multi-Family (2-4 Unit),2021-08,765000.0
101,"New York, NY",Single Family Residential,2021-08,1022000.0
102,"New York, NY",Multi-Family (2-4 Unit),2021-08,730000.0
103,"New York, NY",Multi-Family (2-4 Unit),2021-08,975000.0
104,"New York, NY",Multi-Family (2-4 Unit),2021-08,950000.0
105,"New York, NY",Single Family Residential,2021-08,485000.0
106,"New York, NY",Multi-Family (2-4 Unit),2021-08,725000.0
107,"New York, NY",Single Family Residential,2021-08,595000.0
108,"New York, NY",Multi-Family (2-4 Unit),2021-08,940000.0
109,"New York, NY",Single Family Residential,2021-08,745000.0
110,"New York, NY",Single Family Residential,2021-08,540000.0
111,"New York, NY",Single Family Residential,2021-08,555000.0
112,"New York, NY",Single Family Residential,2021-08,818000.0
113,"New York, NY",Single Family Residential,2021-08,710000.0
114,"New York, NY",Condo/Co-op,2021-08,650000.0
115,"New York, NY",Single Family Residential,2021-08,875000.0
116,"New York, NY",Single Family Residential,2021-08,505000.0
117,"New York, NY",Condo/Co-op,2021-08,580000.0
118,"New York, NY",Single Family Residential,2021-07,999900.0
119,"New York, NY",Single Family Residential,2021-07,614900.0
120,"New York, NY",Multi-Family (2-4 Unit),2021-07,700000.0
121,"New York, NY",Multi-Family (2-4 Unit),2021-07,500000.0
122,"New York, NY",Single Family Residential,2021-07,510000.0
123,"New York, NY",Single Family Residential,2021-07,910000.0
124,"New York, NY",Single Family Residential,2021-07,650000.0
125,"New York, NY",Single Family Residential,2021-07,920000.0
126,"New York, NY",Single Family Residential,2021-07,440000.0
127,"New York, NY",Single Family Residential,2021-07,760000.0
128,"New York, NY",Single Family Residential,2021-07,400000.0
129,"New York, NY",Multi-Family (2-4 Unit),2021-07,625000.0
130,"New York, NY",Single Family Residential,2021-07,685000.0
131,"New York, NY",Single Family Residential,2021-07,640000.0
132,"New York, NY",Single Family Residential,2021-07,2300000.0
133,"New York, NY",Single Family Residential,2021-07,620000.0
134,"New York, NY",Single Family Residential,2021-07,345000.0
135,"New York, NY",Multi-Family (2-4 Unit),2021-07,975000.0
136,"New York, NY",Condo/Co-op,2021-07,225000.0
137,"New York, NY",Single Family Residential,2021-07,495000.0
138,"New York, NY",Single Family Residential,2021-07,725000.0
139,"New York, NY",Multi-Family (2-4 Unit),2021-07,1400000.0
140,"New York, NY",Condo/Co-op,2021-07,475000.0
141,"New York, NY",Single Family Residential,2021-07,580000.0
142,"New York, NY",Single Family Residential,2021-07,660000.0
143,"New York, NY",Single Family Residential,2021-07,360000.0
144,"New York, NY",Single Family Residential,2021-07,461000.0
145,"New York, NY",Single Family Residential,2021-07,465000.0
146,"New York, NY",Single Family Residential,2021-07,1800000.0
147,"New York, NY",Single Family Residential,2021-07,660000.0
148,"New York, NY",Condo/Co-op,2021-07,695000.0
149,"New York, NY",Multi-Family (2-4 Unit),2021-07,650000.0
150,"New York, NY",Condo/Co-op,2021-07,640000.0
151,"New York, NY",Single Family Residential,2021-07,505000.0
152,"New York, NY",Single Family Residential,2021-07,365000.0
153,"New York, NY",Multi-Family (2-4 Unit),2021-07,625000.0
154,"New York, NY",Multi-Family (2-4 Unit),2021-07,990000.0
155,"New York, NY",Multi-Family (2-4 Unit),2021-07,648000.0
156,"New York, NY",Single Family Residential,2021-07,257000.0
157,"New York, NY",Single Family Residential,2021-07,635000.0
158,"New York, NY",Multi-Family (2-4 Unit),2021-07,715000.0
159,"New York, NY",Multi-Family (2-4 Unit),2021-07,930000.0
160,"New York, NY",Multi-Family (2-4 Unit),2021-07,1190000.0
161,"New York, NY",Single Family Residential,2021-07,710000.0
162,"New York, NY",Condo/Co-op,2021-07,1865000.0
163,"New York, NY",Single Family Residential,2021-07,595000.0
164,"New York, NY",Single Family Residential,2021-07,350000.0
165,"New York, NY",Multi-Family (2-4 Unit),2021-07,1380000.0
166,"New York, NY",Single Family Residential,2021-07,715000.0
167,"New York, NY",Multi-Family (2-4 Unit),2021-07,740000.0
168,"New York, NY",Single Family Residential,2021-07,364000.0
169,"New York, NY",Single Family Residential,2021-07,635000.0
170,"New York, NY",Single Family Residential,2021-07,688000.0
171,"New York, NY",Multi-Family (2-4 Unit),2021-07,475000.0
172,"New York, NY",Single Family Residential,2021-07,535000.0
173,"New York, NY",Single Family Residential,2021-07,220000.0
174,"New York, NY",Multi-Family (2-4 Unit),2021-07,915000.0
175,"New York, NY",Single Family Residential,2021-07,435000.0
176,"New York, NY",Single Family Residential,2021-07,648000.0
177,"New York, NY",Condo/Co-op,2021-07,590000.0
178,"New York, NY",Condo/Co-op,2021-07,590000.0
179,"New York, NY",Single Family Residential,2021-07,935000.0
180,"New York, NY",Single Family Residential,2021-07,600000.0
181,"New York, NY",Single Family Residential,2021-07,570000.0
182,"New York, NY",Condo/Co-op,2021-07,485000.0
183,"New York, NY",Condo/Co-op,2021-07,365000.0
184,"New York, NY",Condo/Co-op,2021-07,547000.0
185,"New York, NY",Condo/Co-op,2021-08,1100000.0
186,"New York, NY",Condo/Co-op,2021-07,1300000.0
187,"New York, NY",Condo/Co-op,2021-07,1160000.0
188,"New York, NY",Condo/Co-op,2021-09,810000.0
189,"New York, NY",Condo/Co-op,2021-07,980000.0
190,"New York, NY",Condo/Co-op,2021-08,708000.0
191,"New York, NY",Condo/Co-op,2021-07,880000.0
192,"New York, NY",Condo/Co-op,2021-09,2495000.0
193,"New York, NY",Condo/Co-op,2021-09,1475000.0
194,"New York, NY",Multi-Family (2-4 Unit),2021-07,2875000.0
195,"New York, NY",Multi-Family (2-4 Unit),2021-09,1610000.0
196,"New York, NY",Multi-Family (2-4 Unit),2021-08,3300000.0
197,"New York, NY",Multi-Family (2-4 Unit),2021-07,1950000.0
198,"New York, NY",Multi-Family (2-4 Unit),2021-07,2375000.0
199,"New York, NY",Multi-Family (2-4 Unit),2021-07,1850000.0
200,"New York, NY",Single Family Residential,2021-07,885000.0
201,"New York, NY",Condo/Co-op,2021-07,1505000.0
202,"New York, NY",Condo/Co-op,2021-07,799000.0
203,"New York, NY",Condo/Co-op,2021-07,1950000.0
204,"New York, NY",Multi-Family (2-4 Unit),2021-09,1001476.0
205,"New York, NY",Condo/Co-op,2021-09,2200000.0
206,"New York, NY",Condo/Co-op,2021-07,875000.0
207,"New York, NY",Condo/Co-op,2021-07,2686500.0
208,"New York, NY",Condo/Co-op,2021-08,1500000.0
209,"New York, NY",Condo/Co-op,2021-08,525000.0
210,"New York, NY",Condo/Co-op,2021-08,461000.0
211,"New York, NY",Condo/Co-op,2021-08,3350000.0
212,"New York, NY",Condo/Co-op,2021-07,2275000.0
213,"New York, NY",Condo/Co-op,2021-07,1175000.0
214,"New York, NY",Condo/Co-op,2021-09,1435000.0
215,"New York, NY",Condo/Co-op,2021-09,959092.0
216,"New York, NY",Condo/Co-op,2021-09,1150000.0
217,"New York, NY",Parking,2021-08,115000.0
