,Address,Sold,Sold Date,Bed,Bath,Size,Lot Size,HOA,Year Build,Type
0,"40200 Antigua Rose Ter,FREMONT, CA 94538","$1,375,000","SEP 24, 2021",4,4.5,"1,917","2,127 Sq. Ft.",0,2008,Townhouse
1,"4777 Canvasback Cmn,Fremont, CA 94555","$1,400,000","SEP 16, 2021",3,2.5,"1,607","2,826 Sq. Ft.",0,1988,Single Family Residential
2,"2861 Pinnacles Ter,Fremont, CA 94538","$1,330,000","SEP 10, 2021",4,3.5,"2,093","1,768 Sq. Ft.",0,2013,Single Family Residential
3,"4022 Abbey Ter #104,Fremont, CA 94536","$549,000","SEP 8, 2021",2,1,748,0,0,1986,Condo/Co-op
4,"5696 Pandorea Ter,NEWARK, CA 94560","$1,094,000","SEP 1, 2021",3,3.5,"1,925","1,384 Sq. Ft.",0,2017,Townhouse
5,"38047 Miller Pl,FREMONT, CA 94536","$1,200,000","AUG 25, 2021",3,2,"1,389","4,200 Sq. Ft.",0,1973,Single Family Residential
6,"5417 Diana Cmn,FREMONT, CA 94555","$1,300,000","AUG 23, 2021",3,2.5,"1,446","6,455 Sq. Ft.",0,1989,Single Family Residential
7,"38780 Tyson Ln Unit 105C,Fremont, CA 94536","$515,000","AUG 17, 2021",1,1,870,0,0,1982,Condo/Co-op
8,"3966 Lake Tahoe Ter,Fremont, CA 94555","$670,000","AUG 10, 2021",2,1.5,"1,056",960 Sq. Ft.,0,1971,Townhouse
9,"43876 Paso Pino Cmn,FREMONT, CA 94539","$1,280,000","AUG 9, 2021",4,3.5,"1,842","8,300 Sq. Ft.",0,2012,Condo/Co-op
10,"33035 Lake Erie St,FREMONT, CA 94555","$935,000","AUG 9, 2021",3,2,"1,148","3,189 Sq. Ft.",0,1970,Single Family Residential
11,"33892 Abercrombie Pl,Fremont, CA 94555","$2,773,888","AUG 4, 2021",6,4,"3,905","9,899 Sq. Ft.",0,1976,Single Family Residential
12,"34160 Via Lucca,Fremont, CA 94555","$1,065,000","AUG 4, 2021",3,3.5,"1,481",0,0,2007,Condo/Co-op
13,"180 Yampa Way,FREMONT, CA 94539","$1,800,000","JUL 30, 2021",4,2.5,"1,992","6,871 Sq. Ft.",0,1978,Single Family Residential
14,"4893 Deep Creek Rd,FREMONT, CA 94555","$1,410,000","JUL 19, 2021",3,2,"1,301","4,500 Sq. Ft.",0,1986,Single Family Residential
15,"35955 Killorglin,FREMONT, CA 94536","$1,450,000","JUL 16, 2021",4,2.5,"1,824","3,050 Sq. Ft.",0,1988,Single Family Residential
16,"37280 Spruce Ter,Fremont, CA 94536","$490,000","JUL 14, 2021",2,1,750,0,0,1986,Condo/Co-op
17,"38623 Cherry Ln #157,FREMONT, CA 94536","$540,000","JUL 8, 2021",2,1,789,0,0,1974,Condo/Co-op
18,"3992 Harlequin Ter,Fremont, CA 94555","$1,530,000","JUL 7, 2021",4,2.5,"1,855","5,537 Sq. Ft.",0,1991,Single Family Residential
19,"42758 Charleston Way,FREMONT, CA 94538","$1,220,000","JUL 6, 2021",3,2,"1,151","5,300 Sq. Ft.",0,1958,Single Family Residential
20,"45009 Challenge Cmn #300,FREMONT, CA 94538","$900,000","JUN 28, 2021",2,2,"1,279",0,0,2020,Condo/Co-op
21,"37000 Meadowbrook Cmn #101,FREMONT, CA 94536","$630,000","JUN 22, 2021",2,2,"1,083",0,0,1984,Condo/Co-op
22,"1701 Sioux Dr,FREMONT, CA 94539","$2,670,000","JUN 11, 2021",5,3,"2,614",0.29 Acres,0,1978,Single Family Residential
23,"4444 Faulkner Dr,Fremont, CA 94536","$1,528,000","JUN 11, 2021",3,2,"1,544","8,691 Sq. Ft.",0,1965,Single Family Residential
24,"38618 Royal Ann Cmn,Fremont, CA 94536","$710,000","MAY 27, 2021",3,2,"1,180","1,020 Sq. Ft.",0,1971,Townhouse
25,"33009 Lake Wawasee,FREMONT, CA 94555","$1,080,000","MAY 21, 2021",3,2,"1,148","3,120 Sq. Ft.",0,1971,Single Family Residential
26,"34843 Wabash Riv,Fremont, CA 94555","$1,420,000","MAY 20, 2021",3,2,"1,300","6,208 Sq. Ft.",0,1975,Single Family Residential
27,"977 Avila Terraza Unit 5R,FREMONT, CA 94538","$735,000","MAY 20, 2021",2,2,"1,102",0,0,2001,Condo/Co-op
28,"45138 Rutherford Ter,Fremont, CA 94539","$4,550,000","MAY 17, 2021",5,5.5,"5,959",0.50 Acres,0,1995,Single Family Residential
29,"48720 Taos Rd,Fremont, CA 94539","$1,685,000","MAY 17, 2021",4,2.5,"1,787","6,660 Sq. Ft.",0,1978,Single Family Residential
30,"39152 Guardino Dr #105,Fremont, CA 94538","$449,000","MAY 4, 2021",1,1,693,0,0,1990,Condo/Co-op
31,"33153 Lake Garrison St,Fremont, CA 94555","$980,000","APR 30, 2021",2,1,880,"4,969 Sq. Ft.",0,1969,Single Family Residential
32,"5512 Azalea Way,Newark, CA 94560","$1,270,000","APR 30, 2021",4,3.5,"2,234","1,798 Sq. Ft.",0,2015,Single Family Residential
33,"5563 Roundtree Ter,FREMONT, CA 94538","$600,000","APR 26, 2021",2,1.5,"1,006",741 Sq. Ft.,0,1970,Townhouse
34,"3695 Stevenson Blvd Unit A245,FREMONT, CA 94538","$770,000","APR 21, 2021",3,3,"1,319",0,0,1991,Condo/Co-op
35,"4134 Venus Pl,Union City, CA 94587","$712,000","APR 15, 2021",3,1.5,"1,280","1,449 Sq. Ft.",0,1974,Townhouse
36,"4559 Crestwood St,FREMONT, CA 94538","$1,450,000","APR 9, 2021",4,2,"1,684","6,464 Sq. Ft.",0,1964,Single Family Residential
37,"4349 Jessica Cir,Fremont, CA 94555","$1,090,000","APR 8, 2021",3,2,"1,241","5,500 Sq. Ft.",0,1984,Single Family Residential
38,"3765 Lake Ontario Dr,Fremont, CA 94555-1236","$1,188,536","MAR 22, 2021",3,2,"1,148","3,120 Sq. Ft.",0,1971,Single Family Residential
39,"41003 Genesis Cmn,FREMONT, CA 94538","$1,179,945","MAR 10, 2021",3,2.5,"1,698",960 Sq. Ft.,0,2018,Townhouse
40,"35873 Molina Ct,Fremont, CA 94536","$1,935,712","FEB 26, 2021",5,3,"2,433","8,250 Sq. Ft.",0,1966,Single Family Residential
41,"5048 Conde Ct,Fremont, CA 94538","$1,475,084","FEB 25, 2021",4,2,"1,324","5,507 Sq. Ft.",0,1962,Single Family Residential
42,"37752 Taro Ter,NEWARK, CA 94560","$922,042","FEB 16, 2021",3,3,"1,540",0.33 Acres,0,2015,Condo/Co-op
43,"2909 Grapevine Ter,FREMONT, CA 94539","$4,281,565","JAN 27, 2021",4,3.5,"3,351",5.12 Acres,0,1996,Single Family Residential
44,"3677 Monte Sereno Ter,Fremont, CA 94539","$3,883,348","JAN 27, 2021",5,4.5,"3,712",0.49 Acres,0,1999,Single Family Residential
45,"5190 Tacoma Cmn,Fremont, CA 94555","$838,609","JAN 21, 2021",2,2,950,1.21 Acres,0,1989,Townhouse
46,"34141 Asti Ter,Fremont, CA 94555","$1,248,522","JAN 20, 2021",4,3.5,"1,969",0,0,2013,Townhouse
47,"5553 Dewey Pl,Fremont, CA 94538","$1,538,898","JAN 8, 2021",4,3,"1,728","5,800 Sq. Ft.",0,1966,Single Family Residential
48,"4745 Beechwood Ave,Fremont, CA 94536","$1,535,599","JAN 6, 2021",3,2,"1,543","5,981 Sq. Ft.",0,1953,Single Family Residential
49,"38228 Paseo Padre Pkwy #33,Fremont, CA 94536","$414,003","JAN 4, 2021",1,1,750,0,0,1970,Condo/Co-op
50,"4102 Polaris Ave,UNION CITY, CA 94587","$720,085","DEC 29, 2020",3,1.5,"1,390","1,470 Sq. Ft.",0,1974,Townhouse
51,"37139 Elm St,Fremont, CA 94536","$1,544,061","DEC 29, 2020",3,2,"1,423","6,720 Sq. Ft.",0,1949,Single Family Residential
52,"4304 Cahill St,Fremont, CA 94538","$1,137,788","DEC 11, 2020",3,1,950,"6,445 Sq. Ft.",0,1955,Single Family Residential
53,"4247 Warbler Loop,Fremont, CA 94555","$1,513,744","DEC 4, 2020",3,2,"1,475","4,500 Sq. Ft.",0,1978,Single Family Residential
54,"39029 Guardino Dr #119,Fremont, CA 94538","$561,029","DEC 3, 2020",2,1,857,0,0,1987,Condo/Co-op
55,"34158 Tony Ter,FREMONT, CA 94555","$1,742,908","NOV 25, 2020",4,2.5,"1,774","4,550 Sq. Ft.",0,1988,Single Family Residential
56,"36126 Fanshawe Ct,FREMONT, CA 94536","$1,729,093","NOV 12, 2020",4,3,"2,160","8,369 Sq. Ft.",0,1965,Single Family Residential
57,"3880 Burton Cmn,FREMONT, CA 94536","$1,003,116","NOV 6, 2020",3,2.5,"1,506","2,144 Sq. Ft.",0,1979,Townhouse
58,"3389 Foxtail Ter,Fremont, CA 94536","$544,054","NOV 5, 2020",2,2,840,940 Sq. Ft.,0,1986,Condo/Co-op
59,"38646 Aurora Ter,Fremont, CA 94536","$675,771","NOV 5, 2020",2,1.5,"1,123",0,0,1980,Townhouse
60,"37259 Ann Marie Ter,FREMONT, CA 94536","$993,348","NOV 5, 2020",3,2.5,"1,558","2,724 Sq. Ft.",0,1988,Townhouse
61,"40630 High St,Fremont, CA 94538","$777,046","NOV 3, 2020",3,2.5,"1,351",0,0,1982,Townhouse
62,"40676 Fremont Blvd,Fremont, CA 94538","$1,144,081","NOV 2, 2020",4,4,"2,084",0,0,2020,Townhouse
63,"4303 Cahill St,Fremont, CA 94538","$1,341,433","OCT 30, 2020",3,2,"1,201","5,550 Sq. Ft.",0,1955,Single Family Residential
64,"34170 Via Torino,FREMONT, CA 94555","$1,350,773","OCT 26, 2020",4,3.5,"1,969",1.07 Acres,0,2013,Condo/Co-op
65,"3400 Gilman Cmn,Fremont, CA 94538","$985,806","OCT 26, 2020",2,2.5,"1,174",730 Sq. Ft.,0,1998,Townhouse
66,"4374 Glidden Way,FREMONT, CA 94536","$1,573,192","OCT 21, 2020",3,2,"1,390","6,000 Sq. Ft.",0,1959,Single Family Residential
67,"38061 Blacow Rd,FREMONT, CA 94536","$1,686,594","OCT 19, 2020",3,2,"1,745","7,700 Sq. Ft.",0,1958,Single Family Residential
68,"3648 Birchwood Ter #311,Fremont, CA 94536","$480,312","OCT 19, 2020",1,1,934,0,0,1984,Condo/Co-op
69,"113 Orden Ct,FREMONT, CA 94539","$2,624,758","OCT 16, 2020",5,2.5,"2,550",0.26 Acres,0,1974,Single Family Residential
70,"37807 Granville Dr,Fremont, CA 94536","$1,326,568","OCT 16, 2020",3,2,"1,229","9,241 Sq. Ft.",0,1956,Single Family Residential
71,"3770 Clough Ave,Fremont, CA 94538","$1,421,736","OCT 9, 2020",3,2,"1,592","5,117 Sq. Ft.",0,1948,Single Family Residential
72,"37706 Carriage Circle Cmn,Fremont, CA 94536","$1,361,670","OCT 7, 2020",3,2.5,"1,648","4,128 Sq. Ft.",0,1985,Single Family Residential
73,"5734 Via Lugano,Fremont, CA 94555","$907,849","OCT 5, 2020",2,2.5,"1,246",0,0,2014,Condo/Co-op
74,"3475 Deerwood Ter #302,FREMONT, CA 94536","$387,763","OCT 5, 2020",1,1,714,0,0,—,Condo/Co-op
75,"5038 Morris Way,FREMONT, CA 94536","$1,568,088","OCT 1, 2020",4,2.5,"1,872","6,667 Sq. Ft.",0,1960,Single Family Residential
76,"41054 CORRIES Ct,FREMONT, CA 94539","$1,491,691","SEP 30, 2020",2,2,"1,230","4,128 Sq. Ft.",0,1972,Single Family Residential
77,"1926 Mento Dr,FREMONT, CA 94539","$2,180,037","SEP 30, 2020",4,3,"1,912","6,510 Sq. Ft.",0,1961,Single Family Residential
78,"4144 Margery Dr,Fremont, CA 94538","$1,249,520","SEP 28, 2020",3,2,"1,150","6,433 Sq. Ft.",0,1958,Single Family Residential
79,"37774 Taro Ter,NEWARK, CA 94560","$1,147,688","SEP 25, 2020",4,3.5,"2,026",0.38 Acres,0,2015,Condo/Co-op
80,"40895 Chiltern Dr,FREMONT, CA 94539","$1,767,919","SEP 24, 2020",4,2,"1,514","7,128 Sq. Ft.",0,1965,Single Family Residential
81,"40846 Ingersoll Ter,Fremont, CA 94538","$903,030","SEP 21, 2020",3,2,"1,188","1,067 Sq. Ft.",0,1987,Townhouse
82,"38880 Glenview Dr,FREMONT, CA 94536","$1,528,861","SEP 18, 2020",3,2,"1,344","6,942 Sq. Ft.",0,1960,Single Family Residential
83,"43825 Paso Pino Cmn,FREMONT, CA 94539","$1,394,951","SEP 18, 2020",4,3.5,"1,842","8,159 Sq. Ft.",0,2011,Condo/Co-op
84,"3968 Fossano Cmn,FREMONT, CA 94538","$1,189,226","SEP 16, 2020",3,3.5,"1,818",944 Sq. Ft.,0,2018,Townhouse
85,"935 Cherry Glen Cir #219,Fremont, CA 94536","$764,495","SEP 15, 2020",2,2,"1,168",0,0,1987,Condo/Co-op
86,"4715 Griffith Ave,Fremont, CA 94538","$1,534,378","SEP 15, 2020",3,2,"1,776","6,055 Sq. Ft.",0,1963,Single Family Residential
87,"42651 Fern Cir,Fremont, CA 94538-4183","$1,495,280","SEP 15, 2020",3,2.5,"1,375","5,200 Sq. Ft.",0,1987,Single Family Residential
88,"1566 Gomes Rd,Fremont, CA 94539","$2,130,850","SEP 15, 2020",4,2.5,"2,001","6,630 Sq. Ft.",0,1964,Single Family Residential
89,"5675 Snowflake Cmn,Fremont, CA 94538","$1,046,394","SEP 15, 2020",3,3,"1,309",0,0,1994,Condo/Co-op
90,"5180 Eggers Dr,Fremont, CA 94536","$1,508,856","SEP 9, 2020",4,2,"1,390","7,650 Sq. Ft.",0,1960,Single Family Residential
91,"35618 Woodbridge Pl,Fremont, CA 94536","$1,800,856","SEP 3, 2020",4,2,"1,703","6,076 Sq. Ft.",0,1967,Single Family Residential
92,"695 Posada Way,Fremont, CA 94536","$1,999,339","SEP 2, 2020",4,3,"2,195","10,680 Sq. Ft.",0,1965,Single Family Residential
93,"858 Kensington (Court) Dr,Fremont, CA 94539","$1,905,244","AUG 28, 2020",4,2,"1,637","9,430 Sq. Ft.",0,1957,Single Family Residential
94,"39029 Guardino Dr #116,Fremont, CA 94538","$487,104","AUG 21, 2020",1,1,693,0,0,1987,Condo/Co-op
95,"4167 Bullard St,FREMONT, CA 94538","$1,389,002","AUG 20, 2020",4,2,"1,549","5,300 Sq. Ft.",0,1955,Single Family Residential
96,"40910 Valero Dr,Fremont, CA 94539","$1,745,330","AUG 18, 2020",3,3,"1,808","5,405 Sq. Ft.",0,1971,Single Family Residential
97,"4834 Phelan Ave,Fremont, CA 94538","$1,275,951","AUG 18, 2020",3,2,"1,092","6,042 Sq. Ft.",0,1960,Single Family Residential
98,"36311 Pizarro Dr,Fremont, CA 94536","$1,308,121","AUG 18, 2020",3,2,"1,168","6,393 Sq. Ft.",0,1955,Single Family Residential
99,"4255 Ogden Dr,Fremont, CA 94538","$1,419,144","AUG 17, 2020",3,2,"1,601","6,032 Sq. Ft.",0,1962,Single Family Residential
100,"42111 Osgood Rd #230,FREMONT, CA 94539","$957,968","AUG 16, 2020",3,2,"1,154","1,154 Sq. Ft.",0,—,Single Family Residential
101,"35043 Buckingham Ct,Newark, CA 94560","$1,540,130","AUG 14, 2020",4,2,"1,506","9,936 Sq. Ft.",0,1968,Single Family Residential
102,"315 Yampa Way,Fremont, CA 94539","$2,157,122","AUG 6, 2020",4,2.5,"2,415","6,200 Sq. Ft.",0,1987,Single Family Residential
103,"4830 Mildred Dr,FREMONT, CA 94536","$1,712,731","AUG 5, 2020",4,2,"1,829","6,400 Sq. Ft.",0,1960,Single Family Residential
104,"42435 Paseo Padre Pkwy,FREMONT, CA 94539","$2,066,882","AUG 4, 2020",4,2,"1,882","7,626 Sq. Ft.",0,1974,Single Family Residential
105,"3301 Foxtail Ter,Fremont, CA 94536","$410,141","AUG 3, 2020",1,1,593,0,0,1986,Condo/Co-op
106,"3263 Foxtail Ter,Fremont, CA 94536","$551,413","JUL 31, 2020",2,2,840,0,0,1986,Condo/Co-op
107,"40314 Condon St,Fremont, CA 94538","$1,086,101","JUL 31, 2020",3,1,950,"5,000 Sq. Ft.",0,1955,Single Family Residential
108,"40784 Laguna Pl,FREMONT, CA 94539","$2,255,956","JUL 31, 2020",4,2.5,"1,902",0.28 Acres,0,1964,Single Family Residential
109,"40789 Stockton Way,FREMONT, CA 94538","$1,587,366","JUL 31, 2020",3,3,"2,184","6,286 Sq. Ft.",0,1977,Single Family Residential
110,"4579 Piper St,FREMONT, CA 94538","$1,287,557","JUL 30, 2020",3,2,"1,158","5,600 Sq. Ft.",0,1960,Single Family Residential
111,"4767 Boles Ct,Fremont, CA 94538","$1,331,192","JUL 30, 2020",3,2,"1,158","7,085 Sq. Ft.",0,1959,Single Family Residential
112,"249 Felicio Cmn,Fremont, CA 94536","$992,955","JUL 27, 2020",3,2.5,"1,440","1,440 Sq. Ft.",0,1973,Townhouse
113,"5539 Clove Hitch Loop,Fremont, CA 94555","$2,047,942","JUL 23, 2020",4,3,"2,127","3,300 Sq. Ft.",0,2017,Single Family Residential
114,"3988 Fossano Cmn,Fremont, CA 94538","$1,212,934","JUL 23, 2020",3,3.5,"1,818",944 Sq. Ft.,0,2018,Townhouse
115,"4560 Val St,Fremont, CA 94538","$1,358,941","JUL 14, 2020",3,2,"1,148","6,200 Sq. Ft.",0,1959,Single Family Residential
116,"40425 Chapel Way #113,Fremont, CA 94538","$607,892","JUL 14, 2020",2,2,"1,052",2.48 Acres,0,1983,Condo/Co-op
117,"3405 Collin Ct,Fremont, CA 94536","$1,774,760","JUL 7, 2020",4,2,"1,708","9,103 Sq. Ft.",0,1972,Single Family Residential
118,"538 Hollow Falls Cmn Unit 17C,Fremont, CA 94539","$1,479,982","JUN 30, 2020",3,3.5,"2,301",0,0,—,Condo/Co-op
119,"40379 Fremont Blvd,Fremont, CA 94538","$1,308,993","JUN 26, 2020",4,2,"1,443","5,000 Sq. Ft.",0,1955,Single Family Residential
120,"3379 Foxtail Ter,Fremont, CA 94536","$508,665","JUN 18, 2020",2,1,750,0,0,1986,Condo/Co-op
121,"4772 Mayfield Dr,FREMONT, CA 94536","$1,990,612","JUN 10, 2020",4,2.5,"2,216","9,392 Sq. Ft.",0,1954,Single Family Residential
122,"4660 Drury Ct,Fremont, CA 94538","$1,680,199","JUN 4, 2020",4,2,"2,214","9,445 Sq. Ft.",0,1962,Single Family Residential
123,"4640 Sloat Rd,Fremont, CA 94538","$1,614,091","JUN 4, 2020",5,2.5,"2,400","6,065 Sq. Ft.",0,1961,Single Family Residential
124,"5619 Willkie Pl,Fremont, CA 94538","$1,402,870","JUN 4, 2020",3,2,"1,232","6,174 Sq. Ft.",0,1966,Single Family Residential
125,"4283 Fairwood St,Fremont, CA 94538","$1,257,248","MAY 20, 2020",3,2,"1,010","6,336 Sq. Ft.",0,1959,Single Family Residential
126,"40219 Laiolo Rd,Fremont, CA 94538-2606","$1,325,052","MAY 20, 2020",3,2,"1,169","6,600 Sq. Ft.",0,1959,Single Family Residential
127,"5631 Buchanan Pl,Fremont, CA 94538","$1,331,158","MAY 15, 2020",3,2,"1,306","7,020 Sq. Ft.",0,1967,Single Family Residential
128,"2164 Jackson St,Fremont, CA 94539","$1,344,358","MAY 8, 2020",3,1,973,0.29 Acres,0,1957,Single Family Residential
129,"40783 Chiltern Dr,Fremont, CA 94539-3703","$1,955,385","APR 29, 2020",4,2,"1,664","6,480 Sq. Ft.",0,1964,Single Family Residential
130,"4536 Cerritos Ave,Fremont, CA 94536","$1,370,361","APR 24, 2020",3,2,"1,246","6,870 Sq. Ft.",0,1954,Single Family Residential
131,"1734 Horner Way,Fremont, CA 94536","$1,579,300","APR 21, 2020",3,2,"1,612","9,360 Sq. Ft.",0,1958,Single Family Residential
132,"38818 ALTURA,Fremont, CA 94536-4402","$1,798,989","APR 10, 2020",4,3,"2,472","7,715 Sq. Ft.",0,1977,Single Family Residential
133,"4772 PORTER St,Fremont, CA 94538-2525","$1,382,555","APR 10, 2020",4,2,"1,321","6,200 Sq. Ft.",0,1959,Single Family Residential
134,"40471 Blanchard St,Fremont, CA 94538","$1,159,017","APR 8, 2020",4,1,"1,325","5,000 Sq. Ft.",0,1954,Single Family Residential
135,"34272 Newton Pl,Fremont, CA 94555","$1,622,917","APR 7, 2020",3,2,"1,390","5,666 Sq. Ft.",0,1970,Single Family Residential
136,"37880 Bright Cmn,Fremont, CA 94536","$1,068,002","APR 3, 2020",3,2.5,"1,717","2,061 Sq. Ft.",0,1977,Townhouse
137,"39903 Parada St Unit A,NEWARK, CA 94560","$718,848","APR 2, 2020",2,2,"1,448",0,0,1984,Condo/Co-op
138,"45901 Hidden Valley Ter,Fremont, CA 94539","$4,557,471","APR 2, 2020",4,5.5,"5,000",0.81 Acres,0,1997,Single Family Residential
139,"40454 Torenia Cir,Fremont, CA 94538","$1,493,045","MAR 27, 2020",3,2.5,"1,422","4,276 Sq. Ft.",0,1994,Single Family Residential
140,"5645 Evergreen Ter,Fremont, CA 94538","$703,247","MAR 18, 2020",2,1.5,"1,006",741 Sq. Ft.,0,1970,Townhouse
141,"42139 Camino Santa Barbara,FREMONT, CA 94539","$2,419,846","MAR 17, 2020",5,3.5,"2,082","8,496 Sq. Ft.",0,1963,Single Family Residential
142,"4596 GERTRUDE Dr,Fremont, CA 94536","$1,593,445","MAR 13, 2020",3,2,"1,460","6,680 Sq. Ft.",0,1960,Single Family Residential
143,"43135 Calle Sagrada,Fremont, CA 94539","$2,117,062","FEB 25, 2020",4,3.5,"2,277","1,377 Sq. Ft.",0,2020,Single Family Residential
144,"5053 Hilo St,Fremont, CA 94538","$1,366,447","FEB 24, 2020",4,2,"1,324","6,120 Sq. Ft.",0,1962,Single Family Residential
145,"3538 Altamira Ter,Fremont, CA 94536","$1,119,766","FEB 20, 2020",3,2.5,"1,864","1,451 Sq. Ft.",0,2005,Townhouse
146,"1135 Desmond Ct,Fremont, CA 94539","$2,877,771","FEB 20, 2020",5,3,"2,474",0.42 Acres,0,1957,Single Family Residential
147,"3369 Foxtail Ter,FREMONT, CA 94536","$500,517","FEB 20, 2020",2,1,750,0,0,1986,Condo/Co-op
148,"41720 Higgins Way,Fremont, CA 94539","$2,072,008","JAN 31, 2020",4,2,"1,672","6,510 Sq. Ft.",0,1960,Single Family Residential
149,"5451 Alamo Ter,Fremont, CA 94555","$1,389,806","JAN 29, 2020",3,2.5,"1,324","3,058 Sq. Ft.",0,1988,Single Family Residential
150,"37050 Dusterberry Way,Fremont, CA 94536","$1,064,632","JAN 15, 2020",3,2.5,"1,492","1,492 Sq. Ft.",0,2007,Condo/Co-op
151,"40673 Squill Cmn #21,Fremont, CA 94538",,"JAN 14, 2020",3,2.5,"1,721",0,0,2019,Condo/Co-op
152,"42086 Vinha Way,Fremont, CA 94539","$3,001,341","JAN 10, 2020",4,4.5,"3,174","5,016 Sq. Ft.",0,2020,Single Family Residential
153,"4684 Mayfield Dr,FREMONT, CA 94536","$2,122,815","JAN 6, 2020",3,2.5,"2,342","8,962 Sq. Ft.",0,1954,Single Family Residential
154,"38443 Timpanogas Cir,FREMONT, CA 94536","$1,324,057","DEC 30, 2019",3,2,"1,320","8,284 Sq. Ft.",0,1955,Single Family Residential
155,"4684 Creekwood Dr,Fremont, CA 94555","$1,500,695","DEC 26, 2019",3,2.5,"1,522","3,150 Sq. Ft.",0,1987,Single Family Residential
156,"6004 Pisa Ter #119,Fremont, CA 94555","$1,065,003","DEC 18, 2019",3,2.5,"1,514",0,0,1992,Condo/Co-op
157,"39953 Cedar Blvd #225,NEWARK, CA 94560","$587,567","DEC 13, 2019",2,2,"1,071",3.29 Acres,0,1985,Condo/Co-op
158,"4678 De Silva St,FREMONT, CA 94538","$1,529,025","DEC 10, 2019",3,2,"1,544","7,178 Sq. Ft.",0,1960,Single Family Residential
159,"40446 Davis St,Fremont, CA 94538","$1,234,698","DEC 5, 2019",3,2,"1,201","5,300 Sq. Ft.",0,1955,Single Family Residential
160,"39029 Guardino Dr #318,Fremont, CA 94538","$468,122","DEC 4, 2019",1,1,693,0,0,1987,Condo/Co-op
161,"3523 Ellery Cmn,Fremont, CA 94538","$1,019,785","NOV 26, 2019",2,2.5,"1,317","1,085 Sq. Ft.",0,1999,Townhouse
162,"4374 Ribera St,FREMONT, CA 94536","$1,427,576","NOV 22, 2019",3,2,"1,256","5,800 Sq. Ft.",0,1967,Single Family Residential
163,"600 Jupiter Ct,Fremont, CA 94539","$1,664,416","NOV 18, 2019",3,2,"1,254","7,930 Sq. Ft.",0,1964,Single Family Residential
164,"32688 Lake Arrowhead Ct,FREMONT, CA 94555","$1,428,559","NOV 15, 2019",4,2,"1,234",0.26 Acres,0,1976,Single Family Residential
165,"38311 Logan Dr,FREMONT, CA 94536","$1,916,249","NOV 5, 2019",4,2.5,"2,475","5,580 Sq. Ft.",0,1999,Single Family Residential
166,"39029 Guardino Dr #220,Fremont, CA 94538","$668,522","NOV 1, 2019",2,2,"1,053",0,0,1987,Condo/Co-op
167,"4989 Northdale Dr,Fremont, CA 94536","$1,578,755","OCT 30, 2019",3,2,"1,550","8,942 Sq. Ft.",0,1955,Single Family Residential
168,"39078 Guardino Dr #109,Fremont, CA 94538","$456,408","OCT 24, 2019",1,1,693,0,0,1990,Condo/Co-op
169,"3735 Independence Rd,Fremont, CA 94538","$1,338,609","OCT 22, 2019",4,2,"1,340","5,500 Sq. Ft.",0,1954,Single Family Residential
170,"40965 High St,Fremont, CA 94538","$1,121,620","OCT 18, 2019",3,1,"1,114","5,444 Sq. Ft.",0,1952,Single Family Residential
171,"38567 Poe Ter,Fremont, CA 94536","$1,148,979","OCT 15, 2019",2,2,"1,107","3,142 Sq. Ft.",0,1999,Single Family Residential
172,"36198 Coronado Dr,Fremont, CA 94536","$1,466,117","OCT 15, 2019",4,2,"1,548","6,196 Sq. Ft.",0,1958,Single Family Residential
173,"2876 Villa Savona Ct,Fremont, CA 94539","$2,833,756","OCT 11, 2019",5,4.5,"3,883","6,050 Sq. Ft.",0,2007,Single Family Residential
174,"4970 Eggers Dr,Fremont, CA 94536","$1,799,680","OCT 2, 2019",4,2,"1,785","9,000 Sq. Ft.",0,1954,Single Family Residential
175,"38848 Judie Way,Fremont, CA 94536","$1,380,931","OCT 1, 2019",3,2,"1,262","6,262 Sq. Ft.",0,1962,Single Family Residential
176,"4346 Sloat Rd,Fremont, CA 94538","$1,353,249","SEP 27, 2019",3,2,"1,438","6,018 Sq. Ft.",0,1960,Single Family Residential
177,"4421 Bush Cir,Fremont, CA 94538","$1,748,587","SEP 23, 2019",4,2.5,"1,917","6,000 Sq. Ft.",0,1988,Single Family Residential
178,"237 Felicio Cmn,Fremont, CA 94536","$936,778","SEP 23, 2019",3,2,"1,440","1,536 Sq. Ft.",0,1973,Townhouse
179,"4398 Millard Ave,Fremont, CA 94538","$1,133,704","SEP 20, 2019",4,1,"1,250","5,070 Sq. Ft.",0,1955,Single Family Residential
180,"4359 Cahill St,Fremont, CA 94538","$1,012,345","SEP 19, 2019",3,1,950,"5,300 Sq. Ft.",0,1955,Single Family Residential
181,"123 Avenida Palmdale,Fremont, CA 94539","$2,738,755","SEP 17, 2019",4,3.5,"2,757","3,680 Sq. Ft.",0,2019,Single Family Residential
182,"34752 Tuxedo Cmn,Fremont, CA 94555","$826,702","SEP 17, 2019",2,2.5,"1,102",0,0,1987,Condo/Co-op
183,"594 Barcelona Dr,Fremont, CA 94536","$1,921,878","SEP 13, 2019",4,3,"2,240","8,625 Sq. Ft.",0,1969,Single Family Residential
184,"37118 Holly St,Fremont, CA 94536","$1,466,886","SEP 11, 2019",3,2,"1,452","7,500 Sq. Ft.",0,1947,Single Family Residential
185,"5143 Eggers Dr,FREMONT, CA 94536","$1,640,837","SEP 6, 2019",4,2,"1,584","7,650 Sq. Ft.",0,1960,Single Family Residential
186,"36906 Bolina Ter,Fremont, CA 94536","$748,011","SEP 5, 2019",3,1.5,"1,166",968 Sq. Ft.,0,1971,Townhouse
187,"42126 Vinha Way,Fremont, CA 94539","$3,027,662","SEP 5, 2019",4,4.5,"3,204","5,016 Sq. Ft.",0,2019,Single Family Residential
188,"37782 2nd St,Fremont, CA 94536","$906,319","SEP 4, 2019",2,1,682,"3,930 Sq. Ft.",0,1896,Single Family Residential
189,"4690 Balboa Way,Fremont, CA 94536","$623,314","AUG 29, 2019",2,2,910,"1,290 Sq. Ft.",0,1969,Townhouse
190,"38879 Stonington Ter,Fremont, CA 94536","$1,474,935","AUG 29, 2019",3,2.5,"1,638","3,500 Sq. Ft.",0,1987,Single Family Residential
191,"38022 Glendale Dr,Fremont, CA 94536","$2,305,629","AUG 29, 2019",5,3.5,"2,730","8,966 Sq. Ft.",0,1952,Single Family Residential
192,"34382 Quartz Ter,Fremont, CA 94555","$1,748,595","AUG 23, 2019",4,2.5,"1,734","4,480 Sq. Ft.",0,1989,Single Family Residential
193,"3304 Red Cedar Ter,Fremont, CA 94536","$551,759","AUG 20, 2019",2,2,840,0,0,1986,Condo/Co-op
194,"38230 Redwood Ter,Fremont, CA 94536","$784,165","AUG 19, 2019",2,1.5,"1,290",0,0,1986,Condo/Co-op
195,"4010 Horatio,Fremont, CA 94555","$1,631,564","AUG 16, 2019",3,2,"1,504","10,855 Sq. Ft.",0,1986,Single Family Residential
196,"3570 Campbell Ct,Fremont, CA 94536","$1,430,856","AUG 15, 2019",3,2,"1,503","4,725 Sq. Ft.",0,1976,Single Family Residential
197,"38593 Whitman Ter,Fremont, CA 94536","$1,286,306","AUG 13, 2019",3,2.5,"1,376","2,265 Sq. Ft.",0,1999,Single Family Residential
198,"3909 Stevenson Blvd #401,Fremont, CA 94538","$648,519","AUG 12, 2019",2,2,"1,042",0,0,1972,Condo/Co-op
199,"41751 Chiltern Dr,Fremont, CA 94539","$2,998,443","AUG 8, 2019",6,4.5,"3,163",0.26 Acres,0,1959,Single Family Residential
200,"37043 Dondero Way,Fremont, CA 94536","$1,190,569","AUG 7, 2019",4,2,"1,470","5,429 Sq. Ft.",0,1952,Single Family Residential
201,"4894 Mattos Dr,Fremont, CA 94536","$1,981,861","AUG 5, 2019",4,2.5,"2,262","9,600 Sq. Ft.",0,1953,Single Family Residential
202,"4549 Norris Rd,Fremont, CA 94536","$1,672,137","JUL 31, 2019",3,2.5,"1,614","8,800 Sq. Ft.",0,1960,Single Family Residential
203,"3909 Stevenson Blvd Unit 8B,FREMONT, CA 94538","$614,370","JUL 30, 2019",2,2,"1,042",0.68 Acres,0,1972,Condo/Co-op
204,"41117 Ellen St,Fremont, CA 94538","$1,665,011","JUL 29, 2019",4,2,"2,255","7,200 Sq. Ft.",0,1960,Single Family Residential
205,"3148 Ignacio Lot 33,Fremont, CA 94536",,"JUL 25, 2019",3,3,"1,652",651 Sq. Ft.,0,—,Condo/Co-op
206,"4580 Mattos Dr,FREMONT, CA 94536","$1,881,233","JUL 25, 2019",4,2.5,"2,194","5,593 Sq. Ft.",0,1999,Single Family Residential
207,"1210 Walleye Cmn,Fremont, CA 94536","$1,185,748","JUL 23, 2019",3,2.5,"1,610","1,540 Sq. Ft.",0,1995,Townhouse
208,"3527 Langdon Cmn,Fremont, CA 94538","$1,152,219","JUL 22, 2019",3,2.5,"1,430","1,097 Sq. Ft.",0,1998,Townhouse
209,"4441 Ladner St,Fremont, CA 94538","$1,024,126","JUL 18, 2019",3,1,925,"5,300 Sq. Ft.",0,1955,Single Family Residential
210,"4473 Keepsake Rose Cmn,Fremont, CA 94538","$1,646,020","JUL 16, 2019",5,3,"2,351","4,000 Sq. Ft.",0,2008,Single Family Residential
211,"38905 Gar Ter,FREMONT, CA 94536","$1,193,055","JUL 11, 2019",3,2.5,"1,610","1,522 Sq. Ft.",0,1995,Condo/Co-op
212,"4516 Alhambra Dr,FREMONT, CA 94536","$1,275,090","JUL 11, 2019",3,2,"1,148","5,600 Sq. Ft.",0,1958,Single Family Residential
213,"5127 Shalimar Cir,Fremont, CA 94555","$1,032,058","JUL 9, 2019",3,2.5,"1,383",3.79 Acres,0,1988,Townhouse
214,"3847 Milton Ter,FREMONT, CA 94555","$696,174","JUL 8, 2019",2,2,963,1.80 Acres,0,1986,Condo/Co-op
215,"48871 Gamay Dr,FREMONT, CA 94539","$1,747,925","JUL 5, 2019",3,2,"2,020","6,181 Sq. Ft.",0,1985,Single Family Residential
216,"3398 Wolcott Cmn,Fremont, CA 94538","$716,630","JUL 3, 2019",2,2,"1,280",0,0,1983,Condo/Co-op
217,"4214 Deep Creek Rd,FREMONT, CA 94555","$1,640,422","JUL 2, 2019",3,2,"1,494","7,118 Sq. Ft.",0,1979,Single Family Residential
218,"3416 Deerwood Ter #111,Fremont, CA 94536","$621,269","JUN 28, 2019",2,2,"1,125",0,0,1986,Condo/Co-op
219,"39951 Fremont Blvd #118,FREMONT, CA 94538","$631,171","JUN 28, 2019",2,2,"1,146",3.42 Acres,0,—,Condo/Co-op
220,"39074 Donner Way,Fremont, CA 94538","$1,197,917","JUN 28, 2019",3,2,996,"5,995 Sq. Ft.",0,1959,Single Family Residential
221,"4303 Sacramento Ave #228,Fremont, CA 94538","$693,988","JUN 28, 2019",2,2,"1,552",0,0,1974,Condo/Co-op
222,"43319 Gallegos Ave,Fremont, CA 94539","$2,150,917","JUN 28, 2019",4,3,"2,127","6,000 Sq. Ft.",0,1955,Single Family Residential
223,"38840 Blacow Rd,Fremont, CA 94536","$1,509,249","JUN 27, 2019",3,2,"1,515","8,081 Sq. Ft.",0,1966,Single Family Residential
224,"4550 Norris Rd,FREMONT, CA 94536","$2,272,154","JUN 27, 2019",5,3,"2,643","9,448 Sq. Ft.",0,1959,Single Family Residential
225,"5735 Antone Rd,FREMONT, CA 94538","$1,294,938","JUN 25, 2019",4,2,"1,324","5,700 Sq. Ft.",0,1964,Single Family Residential
226,"1134 Valdez Way,Fremont, CA 94539","$2,144,666","JUN 21, 2019",4,3,"1,939","5,978 Sq. Ft.",0,1969,Single Family Residential
227,"4944 Royal Palm Dr,FREMONT, CA 94538","$1,275,444","JUN 21, 2019",4,2,"1,584","7,220 Sq. Ft.",0,1963,Single Family Residential
228,"4725 Mallard Cmn,Fremont, CA 94555","$1,563,617","JUN 21, 2019",3,2.5,"1,607","3,859 Sq. Ft.",0,1987,Single Family Residential
229,"4464 Richmond Ave,Fremont, CA 94536","$1,406,317","JUN 19, 2019",3,2,"1,152","6,200 Sq. Ft.",0,1961,Single Family Residential
230,"3422 Manchester Cmn,Fremont, CA 94536-6302","$1,096,175","JUN 18, 2019",3,2.5,"1,580","1,929 Sq. Ft.",0,1976,Townhouse
231,"34489 Alberta Ter,Fremont, CA 94555","$1,663,891","JUN 17, 2019",3,2.5,"1,769","3,548 Sq. Ft.",0,1991,Single Family Residential
232,"35705 Runckel Ln,Fremont, CA 94536","$1,757,569","JUN 17, 2019",4,2,"1,716","5,450 Sq. Ft.",0,1986,Single Family Residential
233,"39907 Parada St Unit B,NEWARK, CA 94560","$703,052","JUN 10, 2019",2,2,"1,448",0,0,1984,Condo/Co-op
234,"38667 Chrisholm Pl,Fremont, CA 94536","$1,698,559","JUN 4, 2019",4,3,"2,186","7,647 Sq. Ft.",0,1977,Single Family Residential
235,"40196 Santa Teresa Cmn,Fremont, CA 94539","$935,403","JUN 4, 2019",2,1.5,"1,199","1,840 Sq. Ft.",0,1970,Townhouse
236,"4560 Portola Dr,Fremont, CA 94536","$1,284,710","JUN 4, 2019",3,2,"1,246","6,600 Sq. Ft.",0,1954,Single Family Residential
237,"257 Firefly Ter,Fremont, CA 94539","$1,657,931","JUN 3, 2019",4,3.5,"1,864","1,058 Sq. Ft.",0,2019,Single Family Residential
238,"39146 Sonora Ct,Fremont, CA 94538","$1,561,724","MAY 31, 2019",4,3,"2,170","5,995 Sq. Ft.",0,1959,Single Family Residential
239,"859 Gary Lee King Cmn,FREMONT, CA 94536","$1,285,372","MAY 31, 2019",3,2.5,"1,658","1,762 Sq. Ft.",0,2013,Single Family Residential
240,"41611 Richardson Dr,Fremont, CA 94538","$1,355,618","MAY 24, 2019",3,2,"1,169","6,772 Sq. Ft.",0,1955,Single Family Residential
241,"1980 Castillejo Way,Fremont, CA 94539","$2,615,180","MAY 24, 2019",4,3,"2,749","4,450 Sq. Ft.",0,2015,Single Family Residential
242,"3518 Pepperwood Ter #112,Fremont, CA 94536","$388,094","MAY 22, 2019",1,1,714,0,0,1985,Condo/Co-op
243,"3695 Stevenson Blvd Unit A242,FREMONT, CA 94538","$725,869","MAY 22, 2019",2,2,"1,040",0,0,1991,Condo/Co-op
244,"39219 Guardino Dr #267,FREMONT, CA 94538","$574,934","MAY 21, 2019",2,1,844,6.11 Acres,0,1987,Condo/Co-op
245,"40358 Sundale Dr,Fremont, CA 94538","$1,598,478","MAY 14, 2019",4,3,"2,260","6,400 Sq. Ft.",0,1960,Single Family Residential
246,"39400 Albany Cmn Unit J,Fremont, CA 94538","$641,501","MAY 13, 2019",2,2,991,6.30 Acres,0,1981,Condo/Co-op
247,"35143 Lancero St,Fremont, CA 94536","$1,345,638","MAY 10, 2019",3,2,"1,108","6,414 Sq. Ft.",0,1965,Single Family Residential
248,"194 Freedom Ct,Fremont, CA 94539","$3,273,911","MAY 10, 2019",5,3.5,"4,048","9,872 Sq. Ft.",0,1992,Single Family Residential
249,"4681 Bianca Dr,Fremont, CA 94536","$1,476,649","MAY 9, 2019",4,2,"1,523","7,186 Sq. Ft.",0,1958,Single Family Residential
250,"37065 Dutra Way,Fremont, CA 94536","$1,198,354","MAY 8, 2019",3,2,"1,497","5,429 Sq. Ft.",0,1951,Single Family Residential
251,"4018 Central Ave #104,Fremont, CA 94536","$1,118,310","MAY 7, 2019",4,2.5,"1,980",0,0,—,Townhouse
252,"39583 Buena Vista Ter,Fremont, CA 94538","$1,088,119","MAY 3, 2019",3,2.5,"1,582","1,969 Sq. Ft.",0,1978,Single Family Residential
253,"38623 Cherry Ln #117,FREMONT, CA 94536","$675,077","MAY 3, 2019",3,2,"1,101",14.90 Acres,0,1974,Condo/Co-op
254,"4544 Merced Cmn,Fremont, CA 94536","$566,080","MAY 3, 2019",2,2,"1,050",0,0,1973,Condo/Co-op
255,"150 Branta Cmn,FREMONT, CA 94539","$1,000,718","MAY 2, 2019",3,3.5,"1,528",0,0,2016,Condo/Co-op
256,"380 Apache Ct,Fremont, CA 94539","$2,566,070","APR 29, 2019",5,3.5,"2,643",0.25 Acres,0,1975,Single Family Residential
257,"581 Chantecler Dr,Fremont, CA 94539","$3,352,576","APR 26, 2019",5,3.5,"3,729",0.34 Acres,0,1993,Single Family Residential
258,"2356 Gomes Rd,Fremont, CA 94539","$1,705,889","APR 26, 2019",3,2.5,"1,736","3,230 Sq. Ft.",0,1970,Single Family Residential
259,"37836 Taro Ter,Newark, CA 94560","$935,219","APR 26, 2019",3,3,"1,540",0,0,2015,Condo/Co-op
260,"46270 Klamath St,Fremont, CA 94539","$2,581,734","APR 25, 2019",4,2.5,"2,350","10,800 Sq. Ft.",0,1968,Single Family Residential
261,"4548 Merced Cmn,Fremont, CA 94536","$624,329","APR 24, 2019",2,2,"1,050",0,0,1973,Condo/Co-op
262,"4566 Margery Dr,Fremont, CA 94538","$1,400,070","APR 22, 2019",3,2,"1,558","6,560 Sq. Ft.",0,1959,Single Family Residential
263,"36713 Ada Ave,Fremont, CA 94536","$1,218,631","APR 19, 2019",3,2,"1,150","6,467 Sq. Ft.",0,1959,Single Family Residential
264,"32760 Mono Lake Ln,Fremont, CA 94555","$1,721,243","APR 15, 2019",4,2.5,"1,871","5,600 Sq. Ft.",0,1976,Single Family Residential
265,"623 Driscoll Rd,Fremont, CA 94539","$1,777,405","APR 8, 2019",2,2,"1,654",0.31 Acres,0,1953,Single Family Residential
266,"3371 BAYWOOD Ter #114,Fremont, CA 94536","$482,915","APR 5, 2019",1,1,936,0,0,1987,Condo/Co-op
267,"43778 Paso Nuez Cmn,Fremont, CA 94539","$1,215,001","MAR 29, 2019",3,2,"1,431",0,0,2011,Condo/Co-op
268,"39206 Guardino Dr #102,Fremont, CA 94538","$697,400","MAR 28, 2019",2,2,"1,053","1,053 Sq. Ft.",0,1990,Condo/Co-op
269,"472 Lowell Pl,Fremont, CA 94536","$1,545,096","MAR 28, 2019",3,2,"1,737","7,955 Sq. Ft.",0,1977,Single Family Residential
270,"3530 Oakwood Ter #205,FREMONT, CA 94536","$574,077","MAR 27, 2019",2,2,"1,083","1,985 Sq. Ft.",0,—,Condo/Co-op
271,"46905 Fernald Cmn,Fremont, CA 94539","$790,788","MAR 22, 2019",3,2,"1,209",0,0,1978,Condo/Co-op
272,"37327 Sequoia Rd,Fremont, CA 94536","$415,478","MAR 19, 2019",1,1,593,0,0,1986,Condo/Co-op
273,"39139 Argonaut Way #212,Fremont, CA 94538","$486,100","MAR 15, 2019",1,1,864,0,0,1974,Condo/Co-op
274,"2250 Castillejo Way,FREMONT, CA 94539","$2,531,027","MAR 13, 2019",4,2.5,"2,583",0.28 Acres,0,1968,Single Family Residential
275,"4251 Blewett St,Fremont, CA 94538","$1,058,530","MAR 12, 2019",3,2,"1,146","6,000 Sq. Ft.",0,1958,Single Family Residential
276,"3453 Baywood Ter #103,Fremont, CA 94536","$595,487","MAR 7, 2019",2,2,981,0,0,1987,Condo/Co-op
277,"41082 Ramon Ter,Fremont, CA 94539","$1,082,526","MAR 7, 2019",2,2,"1,392","1,220 Sq. Ft.",0,1972,Townhouse
278,"4575 Odell Ct,Fremont, CA 94536","$2,548,217","MAR 5, 2019",5,3,"3,195",0.37 Acres,0,1964,Single Family Residential
279,"4835 Louise Ct,Fremont, CA 94536","$1,526,496","MAR 1, 2019",3,2,"1,344","9,309 Sq. Ft.",0,1960,Single Family Residential
280,"4224 Tanager Ter,Fremont, CA 94555","$1,151,572","FEB 28, 2019",3,2,"1,590","5,098 Sq. Ft.",0,1985,Townhouse
281,"1033 Avila Terraza,Fremont, CA 94538","$744,527","FEB 28, 2019",2,2,"1,086",5.96 Acres,0,2001,Condo/Co-op
282,"4397 Mowry Ave,Fremont, CA 94538","$1,341,438","FEB 28, 2019",3,2,"1,148","6,200 Sq. Ft.",0,1960,Single Family Residential
283,"4959 Winchester Pl,Newark, CA 94560","$1,293,428","FEB 28, 2019",3,2,"1,344","6,120 Sq. Ft.",0,1968,Single Family Residential
284,"40458 Landon Ave,Fremont, CA 94538","$1,296,968","FEB 22, 2019",3,2,"1,148","5,700 Sq. Ft.",0,1960,Single Family Residential
285,"39815 San Moreno Ct,Fremont, CA 94539","$2,091,013","FEB 22, 2019",4,2,"1,957","6,540 Sq. Ft.",0,1967,Single Family Residential
286,"4125 Tehama Ave,FREMONT, CA 94538","$1,216,814","FEB 20, 2019",3,2,"1,269","6,000 Sq. Ft.",0,1963,Single Family Residential
287,"4467 Eggers Dr,Fremont, CA 94536","$1,618,620","FEB 1, 2019",4,2,"1,716","7,350 Sq. Ft.",0,1957,Single Family Residential
288,"40840 Townsend Ter,Fremont, CA 94538","$1,172,239","JAN 30, 2019",4,4,"1,568",0,0,2007,Condo/Co-op
289,"38760 Huntington Cir,FREMONT, CA 94536","$912,204","JAN 30, 2019",3,2.5,"1,284",0.35 Acres,0,1989,Condo/Co-op
290,"40614 Ambar Pl,Fremont, CA 94539","$2,379,186","JAN 23, 2019",5,2.5,"2,577","6,510 Sq. Ft.",0,1969,Single Family Residential
291,"224 Viento Dr,Fremont, CA 94536","$1,565,639","JAN 15, 2019",3,2,"1,762","7,055 Sq. Ft.",0,1976,Single Family Residential
292,"4956 Omar St,FREMONT, CA 94538","$1,484,422","JAN 14, 2019",4,4,"1,624","6,200 Sq. Ft.",0,1962,Single Family Residential
293,"48785 Taos Rd,Fremont, CA 94539","$1,984,146","JAN 14, 2019",4,2.5,"2,100","6,659 Sq. Ft.",0,1978,Single Family Residential
294,"3884 Harlequin Ter,Fremont, CA 94555","$1,345,817","JAN 7, 2019",2,2.5,"1,481","3,414 Sq. Ft.",0,1986,Single Family Residential
295,"39029 Guardino Dr #122,Fremont, CA 94538","$454,519","JAN 2, 2019",1,1,693,0,0,1987,Condo/Co-op
296,"40808 Townsend Ter,Fremont, CA 94538","$997,698","DEC 29, 2018",3,2.5,"1,508",0,0,2007,Condo/Co-op
297,"38566 Vancouver Cmn,Fremont, CA 94536","$778,709","DEC 21, 2018",2,1.5,976,737 Sq. Ft.,0,1979,Townhouse
298,"37132 Oak St,FREMONT, CA 94536","$1,349,255","DEC 20, 2018",3,2,"1,468","5,826 Sq. Ft.",0,1939,Single Family Residential
299,"37776 Taro Ter,Newark, CA 94560","$910,358","DEC 17, 2018",3,3,"1,540",0,0,2015,Condo/Co-op
300,"39139 Argonaut Way #105,Fremont, CA 94538","$505,322","DEC 10, 2018",1,1,864,0,0,1974,Condo/Co-op
301,"3508 Madison Cmn,FREMONT, CA 94538","$936,500","DEC 10, 2018",2,2.5,"1,174",730 Sq. Ft.,0,2000,Townhouse
302,"984 Huntington Ter,Fremont, CA 94536","$757,573","DEC 7, 2018",2,2,"1,168",0,0,1988,Condo/Co-op
303,"48855 Sauvignon Ct,Fremont, CA 94539","$2,365,935","DEC 6, 2018",6,4,"3,058","6,055 Sq. Ft.",0,1998,Single Family Residential
304,"4413 Cambria St,Fremont, CA 94538","$1,284,120","DEC 3, 2018",3,2,"1,269","6,000 Sq. Ft.",0,1961,Single Family Residential
305,"34390 Anzio Ter #2,Fremont, CA 94555","$1,017,706","NOV 28, 2018",3,2.5,"1,514",0,0,1992,Condo/Co-op
306,"38167 Ballard Dr,Fremont, CA 94536","$1,847,630","NOV 19, 2018",4,2,"1,987","8,415 Sq. Ft.",0,1959,Single Family Residential
307,"2316 Jackson St,Fremont, CA 94539","$1,838,947","NOV 8, 2018",3,2,"1,698",0.31 Acres,0,1958,Single Family Residential
308,"43967 S Moray St,Fremont, CA 94539","$2,025,926","NOV 7, 2018",4,2.5,"2,071","5,499 Sq. Ft.",0,1989,Single Family Residential
309,"35108 Clover St,Union City, CA 94587","$1,356,365","NOV 5, 2018",4,2,"1,544","6,592 Sq. Ft.",0,1971,Single Family Residential
310,"14 Viento Dr,Fremont, CA 94536","$1,524,818","NOV 2, 2018",3,2,"1,762","7,925 Sq. Ft.",0,1976,Single Family Residential
311,"41430 ERMA Ave,Fremont, CA 94539","$1,445,537","NOV 1, 2018",3,2,"1,100","5,795 Sq. Ft.",0,1956,Single Family Residential
312,"38822 Le Count Way,FREMONT, CA 94536","$1,394,907","OCT 31, 2018",3,2,"1,242","6,003 Sq. Ft.",0,1961,Single Family Residential
313,"3851 Milton Ter,Fremont, CA 94555-2243","$514,345","OCT 31, 2018",1,1,796,1.80 Acres,0,1986,Condo/Co-op
314,"5586 Simm Ct,Fremont, CA 94538","$1,474,989","OCT 30, 2018",3,2,"1,882","6,500 Sq. Ft.",0,1962,Single Family Residential
315,"1450 DESCHUTES Pl,Fremont, CA 94539","$2,671,562","OCT 30, 2018",4,2.5,"2,781","9,799 Sq. Ft.",0,1979,Single Family Residential
316,"4976 Derby Pl,Newark, CA 94560","$1,520,022","OCT 26, 2018",3,2,"1,610","7,770 Sq. Ft.",0,1967,Single Family Residential
317,"45397 Medicine Bow Way,Fremont, CA 94539","$2,284,258","OCT 26, 2018",4,2.5,"2,140","6,565 Sq. Ft.",0,1978,Single Family Residential
318,"47117 Benns Ter,Fremont, CA 94539","$529,194","OCT 23, 2018",1,1,675,0,0,1987,Condo/Co-op
319,"4906 Eggers Dr,Fremont, CA 94536","$1,761,974","OCT 16, 2018",4,2,"1,724","9,600 Sq. Ft.",0,1954,Single Family Residential
320,"5751 Spry Cmn,Fremont, CA 94538","$1,022,318","OCT 12, 2018",3,3,"1,309",0,0,—,Townhouse
321,"3936 Vicolo Ter,Fremont, CA 94538","$1,084,694","OCT 11, 2018",3,2.5,"1,425",964 Sq. Ft.,0,2014,Townhouse
322,"3459 Pennsylvania Cmn,FREMONT, CA 94536","$667,936","OCT 10, 2018",2,2,944,1.20 Acres,0,1981,Condo/Co-op
323,"37760 Farwell Dr,Fremont, CA 94536","$1,556,278","OCT 10, 2018",3,2,"1,743","7,920 Sq. Ft.",0,1955,Single Family Residential
324,"40066 Spady St,Fremont, CA 94538","$1,503,887","OCT 5, 2018",4,2,"2,115","6,000 Sq. Ft.",0,1957,Single Family Residential
325,"5035 Yellowstone Park Dr,FREMONT, CA 94538","$1,459,938","OCT 5, 2018",4,2,"1,736","5,700 Sq. Ft.",0,1962,Single Family Residential
326,"35580 Ribera Ct,Fremont, CA 94536","$1,452,289","OCT 4, 2018",4,2,"1,387","6,674 Sq. Ft.",0,1967,Single Family Residential
327,"4686 Eggers Dr,Fremont, CA 94536","$2,049,958","JAN 20, 2021",4,3,"2,084","9,600 Sq. Ft.",0,1954,Single Family Residential
328,"41467 Trenouth St,Fremont, CA 94538","$1,504,800","APR 21, 2020",3,2,"1,246","6,600 Sq. Ft.",0,1957,Single Family Residential
329,"4482 Ladner St,Fremont, CA 94538","$1,115,087","AUG 1, 2019",3,1,925,"5,300 Sq. Ft.",0,1956,Single Family Residential
330,"38802 Helen Way,Fremont, CA 94536","$1,509,732","JUL 31, 2020",4,2,"1,413",0,0,1962,Single Family Residential
331,"35958 Dering Pl,Fremont, CA 94536","$1,703,566","APR 7, 2020",3,2,"1,576",0,0,1968,Single Family Residential
332,"2804 Dominici Dr,Fremont, CA 94536","$1,733,687","OCT 30, 2020",3,2,"1,671","8,032 Sq. Ft.",0,1986,Single Family Residential
333,"2854 Harrisburg Ave,Fremont, CA 94536","$1,546,096","APR 29, 2019",4,2,"1,716",0,0,1987,Single Family Residential
334,"5277 Fairbanks Cmn #146,Fremont, CA 94555","$802,552","DEC 28, 2018",2,2,950,0,0,1989,Condo/Co-op
335,"37253 Dutra Way,Fremont, CA 94536","$1,146,141","MAR 5, 2020",3,2,"1,341","5,429 Sq. Ft.",0,1951,Single Family Residential
336,"3059 Cadman Rd,Fremont, CA 94538","$1,044,343","OCT 30, 2019",3,1,975,"6,000 Sq. Ft.",0,1959,Single Family Residential
337,"38892 Canyon Heights Dr,Fremont, CA 94536","$1,839,573","AUG 11, 2020",5,3,"2,379",0,0,1979,Single Family Residential
338,"5751 Spry Cmn #33,Fremont, CA 94538","$915,925","OCT 12, 2018",3,3,"1,309",0,0,1994,Condo/Co-op
339,"2213 N Park Victoria Dr,Milpitas, CA 95035","$2,094,775","APR 1, 2021",4,3,"2,698",0,0,1985,Single Family Residential
340,"3501 Birchwood Ter #311,Fremont, CA 94536","$526,212","MAR 12, 2020",1,1,934,0,0,1984,Condo/Co-op
341,"158 Leal Way,Fremont, CA 94539","$2,515,652","JUN 3, 2019",4,3,"2,686",0,0,1999,Single Family Residential
342,"42062 Via San Gabriel,Fremont, CA 94539","$1,785,974","FEB 5, 2019",3,2,"1,582",0,0,1963,Single Family Residential
343,"3623 Wilmington Rd,Fremont, CA 94538","$1,079,090","OCT 11, 2018",4,3,"1,740","9,198 Sq. Ft.",0,1960,Single Family Residential
344,"38228 Paseo Padre Pkwy #18,Fremont, CA 94536","$414,112","DEC 31, 2019",1,1,750,0,0,1970,Condo/Co-op
345,"39725 Costa Way,Fremont, CA 94538","$1,299,328","AUG 20, 2020",5,3,"1,767",0,0,1963,Multi-Family (2-4 Unit)
346,"34394 Livorna Ter #33,Fremont, CA 94555","$1,004,939","JAN 16, 2019",2,2.5,"1,395",0,0,1992,Townhouse
347,"3855 Shovler Lake Ct,Fremont, CA 94555","$1,360,681","OCT 25, 2019",3,3,"1,335",0,0,1978,Single Family Residential
348,"41965 Osgood Rd,Fremont, CA 94539","$3,324,684","APR 23, 2019",3,3,"2,208",0,0,1955,Single Family Residential
349,"39773 Seal Dr,Newark, CA 94560","$2,028,640","SEP 5, 2019",5,4,"3,050",0,0,2019,Single Family Residential
